Last,First
Barwegen,Dick
Connor,George
Lujack,Johnny
Motley,Marion
Weinmeister,Arnie
Geri,Joe
Fears,Tom
Speedie,Mac
Walker,Doak
Willis,Bill
Huffman,Dick
Bray,Ray
Grimes,Billy
Bednarik,Chuck
Sprinkle,Ed
Doll,Don
Poole,Ray
Schnellbacher,Otto
Edwards,Dan
Sanders,Spec
Shaw,Bob
Pihos,Pete
Hoerner,Dick
Adamle,Tony
Graham,Otto
Harder,Pat
Box,Cloyce
Neal,Ed
Tunnell,Emlen
Wistert,Al
Waterfield,Bob
Strzykalski,Johnny
Dudley,Bill
Davis,Fred
Turner,Bulldog
Groza,Lou
Humble,Weldon
Angsman,Elmer
Dove,Bob
Fischer,Bill
Hardy,Jim
Creekmur,Lou
McGraw,Thurman
Cannady,John
Conerly,Charlie
DeRogatis,Al
Roberts,Gene
Ecklund,Brad
Toth,Zollie
Barnes,Walt
Green,John
Shipkey,Jerry
Walsh,Bill
Brink,Larry
Davis,Glenn
Lewis,Woodley
Van Brocklin,Norm
Albert,Frankie
Grgich,Visco
Nomellini,Leo
Standlee,Norm
Gilmer,Harry
Lipscomb,Paul
Barwegen,Dick
Connor,George
Ford,Len
Graham,Otto
Jones,Dub
Willis,Bill
Creekmur,Lou
Walker,Doak
Schnellbacher,Otto
Tunnell,Emlen
Weinmeister,Arnie
Bednarik,Chuck
Hirsch,Elroy
Hart,Leon
Brink,Larry
Adamle,Tony
Groza,Lou
Lavelli,Dante
Coulter,Tex
Towler,Dan
DeRogatis,Al
Nomellini,Leo
Bingaman,Les
Price,Eddie
Shipkey,Jerry
West,Stan
Baker,Jon
Younger,Tank
Lujack,Johnny
Sprinkle,Ed
Doll,Don
Geri,Joe
Waterfield,Bob
Dottley,John
Fischer,Bill
Polsfoot,Fran
Hoernschemeyer,Bob
Soltau,Gordie
Dudley,Bill
Lipscomb,Paul
Bray,Ray
Turner,Bulldog
Carpenter,Ken
Wham,Tom
Layne,Bobby
Grimes,Billy
Wildung,Dick
Ecklund,Brad
McCormack,Mike
Taliaferro,George
Craft,Russ
Jarmoluk,Mike
Pihos,Pete
Hughes,George
Walsh,Bill
Paul,Don
Van Brocklin,Norm
Cason,Jim
Collins,Ray
Baugh,Sammy
Goode,Rob
Niemi,Laurie
Connor,George
Ford,Len
Groza,Lou
Creekmur,Lou
Price,Eddie
Weinmeister,Arnie
West,Stan
McElhenny,Hugh
Nomellini,Leo
Soltau,Gordie
Graham,Otto
Willis,Bill
Smith,Bob
Tunnell,Emlen
Pihos,Pete
Shipkey,Jerry
Towler,Dan
Bednarik,Chuck
Speedie,Mac
Hoernschemeyer,Bob
Howton,Billy
Williams,Johnny
Fischer,Bill
Matson,Ollie
Layne,Bobby
Box,Cloyce
Barwegen,Dick
Coulter,Tex
Kilroy,Bucko
Mathews,Ray
Stautner,Ernie
Hirsch,Elroy
Henke,Ed
Johnson,Bill
Sprinkle,Ed
Trippi,Charley
Harder,Pat
Taliaferro,George
Wozniak,John
Baker,Jon
Paul,Don
Van Brocklin,Norm
Younger,Tank
Brown,Hardy
Schroeder,Gene
Williams,Fred
Gibron,Abe
Gillom,Horace
Jones,Dub
Doll,Don
Teteak,Deral
Wimberly,Ab
Cannady,John
Craft,Russ
Chandnois,Lynn
Finks,Jim
McPeak,Bill
Nickel,Elbie
Winkler,Jim
Perry,Joe
Gilmer,Harry
Lipscomb,Paul
Niemi,Laurie
Taylor,Hugh
Bingaman,Les
Christiansen,Jack
Connor,George
Creekmur,Lou
Ford,Len
Graham,Otto
Groza,Lou
Keane,Tom
McElhenny,Hugh
Nomellini,Leo
Perry,Joe
Pihos,Pete
Stanfel,Dick
Weinmeister,Arnie
Bednarik,Chuck
Lavelli,Dante
Hirsch,Elroy
Paul,Don
Robustelli,Andy
Walker,Doak
Gibron,Abe
Towler,Dan
Dodrill,Dale
Kilroy,Bucko
Stautner,Ernie
Gifford,Frank
Jagade,Chick
Johnson,Bill
Lahr,Warren
Layne,Bobby
McPeak,Bill
Michalik,Art
Olszewski,Johnny
Snyder,Lum
Soltau,Gordie
Thomason,Bobby
Tonnemaker,Clayton
Barwegen,Dick
Brito,Gene
Chandnois,Lynn
Doll,Don
Donovan,Art
Farragut,Ken
Hanner,Dave
Hoffman,John
Hughes,George
James,Tommy
Kindt,Don
Lary,Yale
Lipscomb,Paul
Martinkovic,John
Matuszak,Marv
Nickel,Elbie
Paul,Don
Renfro,Ray
Rote,Kyle
Svoboda,Bill
Taliaferro,George
Tittle,Y.A.
Trippi,Charley
Tunnell,Emlen
Van Brocklin,Norm
Williams,Fred
Younger,Tank
Graham,Otto
Groza,Lou
Matson,Ollie
Creekmur,Lou
Walker,Doak
Bednarik,Chuck
Banducci,Bruno
Perry,Joe
Hill,Harlon
Ford,Len
Christiansen,Jack
Pihos,Pete
Willey,Norm
Donovan,Art
David,Jim
Landry,Tom
Boyd,Bob
Schmidt,Joe
Kilroy,Bucko
Dodrill,Dale
Zatkoff,Roger
Krouse,Ray
Tunnell,Emlen
Lane,Night Train
Snyder,Lum
Wilson,Billy
Gibron,Abe
Van Brocklin,Norm
Johnson,John Henry
Sprinkle,Ed
Colo,Don
Torgeson,LaVern
Martinkovic,John
Putnam,Duane
Towler,Dan
Wells,Billy
Bishop,Bill
George,Bill
Jagade,Chick
Lavelli,Dante
Marchetti,Gino
Young,Buddy
Groom,Jerry
Stits,Bill
Hanner,Dave
Austin,Bill
Gifford,Frank
Price,Eddie
Rote,Kyle
Burk,Adrian
Robinson,Wayne
Lattner,Johnny
McLaughlin,Leon
Quinlan,Skeets
Richter,Les
Carapella,Al
Cason,Jim
Tittle,Y.A.
Alban,Dick
Goode,Rob
Taylor,Hugh
Hill,Harlon
Groza,Lou
Donovan,Art
Matson,Ollie
Christiansen,Jack
Dillon,Bobby
Sherman,Will
Ameche,Alan
Dodrill,Dale
Putnam,Duane
Wilson,Billy
Robustelli,Andy
Toneff,Bob
Gibron,Abe
Brito,Gene
Gifford,Frank
Jones,Stan
Ferguson,Howie
Tunnell,Emlen
Pihos,Pete
Colo,Don
Rechichar,Bert
Zatkoff,Roger
Schmidt,Joe
Walker,Doak
George,Bill
Morrison,Fred
Rote,Kyle
Stautner,Ernie
Richter,Les
Van Brocklin,Norm
Waller,Ron
Torgeson,LaVern
Casares,Rick
Wightkin,Bill
Robinson,Wayne
Marchetti,Gino
Szymanski,Dick
Creekmur,Lou
Lane,Night Train
Howton,Billy
McFadin,Bud
Konz,Ken
David,Jim
Willey,Norm
Scudero,Joe
Brown,Ed
Hoffman,John
Brewster,Pete
Massey,Carlton
Michaels,Walt
Olszewski,Johnny
Wallner,Fred
Stanfel,Dick
Martinkovic,John
Brown,Rosey
Stroud,Jack
Burk,Adrian
Weatherall,Jim
Butler,Jack
Mathews,Ray
Varrichione,Frank
Miller,Paul
Younger,Tank
Moegle,Dicky
Drazenovich,Chuck
LeBaron,Eddie
Peters,Volney
Ulinski,Harry
Casares,Rick
Hill,Harlon
Lane,Night Train
Matson,Ollie
Christiansen,Jack
Layne,Bobby
Schmidt,Joe
Howton,Billy
Brown,Rosey
Gifford,Frank
Jones,Stan
Dillon,Bobby
Grier,Rosey
Robustelli,Andy
Brito,Gene
Stanfel,Dick
George,Bill
Tunnell,Emlen
Bednarik,Chuck
Stautner,Ernie
Strickland,Larry
Donovan,Art
Marchetti,Gino
Putnam,Duane
Creekmur,Lou
Richter,Les
Ane,Charlie
Lary,Yale
Caroline,J.C.
St. Clair,Bob
McElhenny,Hugh
Ameche,Alan
Rote,Kyle
Drazenovich,Chuck
Butler,Jack
McCormack,Mike
Conerly,Charlie
David,Jim
Rote,Tobin
Wilson,Billy
Zatkoff,Roger
McFadin,Bud
Brewster,Pete
Moore,Lenny
Crow,Lindon
Brown,Ed
Gatski,Frank
Michaels,Walt
Paul,Don
Rechichar,Bert
Sanford,Leo
Simmons,Jack
Lansford,Buck
Thomason,Bobby
Weatherall,Jim
McPeak,Bill
Nickel,Elbie
Rogel,Fran
Clarke,Leon
Hock,John
Miller,Paul
Nomellini,Leo
Baker,Sam
Dorow,Al
Elter,Leo
Torgeson,LaVern
Brown,Jim
Donovan,Art
Marchetti,Gino
Matson,Ollie
Schmidt,Joe
Dillon,Bobby
Brown,Rosey
Gifford,Frank
Butler,Jack
Putnam,Duane
Wilson,Billy
Stanfel,Dick
George,Bill
Christiansen,Jack
Howton,Billy
Matuszak,Marv
Tittle,Y.A.
Brito,Gene
Lary,Yale
Groza,Lou
Robustelli,Andy
Nomellini,Leo
Ringo,Jim
Bednarik,Chuck
McCormack,Mike
Creekmur,Lou
Gain,Bob
Unitas,Johnny
Tunnell,Emlen
Casares,Rick
Wilson,Tommy
Sewell,Harley
Wietecha,Ray
Stautner,Ernie
Richter,Les
Drazenovich,Chuck
Carson,John
Stroud,Jack
Atkins,Doug
Mutscheller,Jim
David,Jim
Jones,Stan
Michaels,Walt
McElhenny,Hugh
Paul,Don
Daugherty,Dick
Gilbert,Kline
O'Connell,Tommy
Renfro,Ray
Ameche,Alan
Rechichar,Bert
Crow,Lindon
Sanford,Leo
McCord,Darris
Barnes,Billy Ray
Norton,Jerry
Scott,Tom
Dodrill,Dale
McClairen,Jack
Morrall,Earl
Varrichione,Frank
Arnett,Jon
LeBaron,Eddie
Podoley,Jim
Brown,Jim
Berry,Raymond
Lipscomb,Gene
Marchetti,Gino
Moore,Lenny
Unitas,Johnny
Schmidt,Joe
Dillon,Bobby
Brown,Rosey
Butler,Jack
Arnett,Jon
Putnam,Duane
Shofner,Del
Stanfel,Dick
George,Bill
Parker,Jim
Lary,Yale
Huff,Sam
Patton,Jimmy
Wietecha,Ray
Brito,Gene
Stautner,Ernie
Atkins,Doug
Ringo,Jim
St. Clair,Bob
Gain,Bob
Layne,Bobby
Smith,Jim Ray
Retzlaff,Pete
Richter,Les
Sherman,Will
Michaels,Walt
Matson,Ollie
Gifford,Frank
Paul,Don
Drazenovich,Chuck
Williams,Fred
Norton,Jerry
Ameche,Alan
Lane,Night Train
Galimore,Willie
Wilson,Billy
Casares,Rick
Fortunato,Joe
Colo,Don
David,Jim
Sewell,Harley
Varrichione,Frank
Jones,Stan
Groza,Lou
Joyce,Don
Nagler,Gern
Sugar,Leo
Ane,Charlie
Schnelker,Bob
Webster,Alex
Barnes,Billy Ray
McDonald,Tommy
Scott,Tom
Van Brocklin,Norm
Tracy,Tom
Wade,Billy
McElhenny,Hugh
Mertens,Jerry
Nomellini,Leo
LeBaron,Eddie
Schrader,Jim
Brown,Jim
Smith,Jim Ray
Berry,Raymond
Marchetti,Gino
Parker,Jim
Unitas,Johnny
Schmidt,Joe
Ringo,Jim
Brown,Rosey
Gifford,Frank
Huff,Sam
Robustelli,Andy
Shofner,Del
Nomellini,Leo
George,Bill
Moore,Lenny
Patton,Jimmy
Lipscomb,Gene
Spinney,Art
Derby,Dean
Woodson,Abe
Michaels,Walt
Lary,Yale
Brookshier,Tom
Jones,Stan
Smith,J.D.
Stautner,Ernie
Atkins,Doug
Gregg,Forrest
McDonald,Tommy
Reger,John
Barnes,Erich
Crow,John David
Orr,Jimmy
Gain,Bob
Norton,Jerry
Richardson,Jess
Nisby,John
Toneff,Bob
Fuller,Frank
Hornung,Paul
Forester,Bill
Crow,Lindon
Schnelker,Bob
Layne,Bobby
Richter,Les
Casares,Rick
Williams,Fred
Groza,Lou
Hunter,Art
Panfil,Ken
David,Jim
Sewell,Harley
Tunnell,Emlen
Barnes,Billy Ray
Campbell,Marion
Van Brocklin,Norm
Arnett,Jon
Lundy,Lamar
Baker,Dave
St. Clair,Bob
Tittle,Y.A.
Wilson,Billy
Anderson,Bill
Bosseler,Don
Schrader,Jim
George,Bill
Brown,Jim
Smith,Jim Ray
Berry,Raymond
Moore,Lenny
Parker,Jim
Norton,Jerry
Hornung,Paul
Ringo,Jim
Patton,Jimmy
Brookshier,Tom
Van Brocklin,Norm
Marchetti,Gino
Atkins,Doug
Jones,Stan
Jordan,Henry
Randle,Sonny
Forester,Bill
Brown,Rosey
Huff,Sam
Woodson,Abe
Lane,Night Train
McDonald,Tommy
Karras,Alex
Schmidt,Joe
St. Clair,Bob
Gregg,Forrest
Robustelli,Andy
Bednarik,Chuck
Toneff,Bob
Taylor,Jim
Unitas,Johnny
Crow,John David
Tracy,Tom
McCormack,Mike
Reger,John
Phillips,Red
Nomellini,Leo
Nelson,Andy
Grier,Rosey
Campbell,Marion
Bosley,Bruce
Mitchell,Bobby
Plum,Milt
Spinney,Art
Lary,Yale
Stroud,Jack
Stautner,Ernie
Meador,Eddie
Richter,Les
Krueger,Charlie
Morris,Johnny
Parrish,Bernie
Renfro,Ray
Hill,Jimmy
Sugar,Leo
Doran,Jim
Cogdill,Gail
Gibbons,Jim
Pietrosante,Nick
Currie,Dan
Starr,Bart
Wietecha,Ray
Baughan,Maxie
Retzlaff,Pete
Walston,Bobby
Sandusky,Mike
Varrichione,Frank
Arnett,Jon
Anderson,Bill
Khayat,Bob
Brown,Jim
Smith,Jim Ray
Marchetti,Gino
Moore,Lenny
Schmidt,Joe
Jordan,Henry
Ringo,Jim
Patton,Jimmy
Shofner,Del
Parker,Jim
Forester,Bill
Phillips,Red
Barnes,Erich
Katcavage,Jim
Lane,Night Train
Karras,Alex
Jurgensen,Sonny
Whittenton,Jesse
George,Bill
Ditka,Mike
Taylor,Jim
Atkins,Doug
Norton,Jerry
Tittle,Y.A.
Gregg,Forrest
Baughan,Maxie
Hill,Jimmy
Woodson,Abe
McCormack,Mike
Robustelli,Andy
McDonald,Tommy
Starr,Bart
Reger,John
Dial,Buddy
Nisby,John
St. Clair,Bob
Perkins,Don
Stautner,Ernie
Toneff,Bob
Arnett,Jon
Berry,Raymond
Huff,Sam
Jones,Stan
Gain,Bob
Lary,Yale
Dove,Eddie
Nomellini,Leo
Morrow,John
Plum,Milt
Unitas,Johnny
Gray,Ken
Randle,Sonny
Stacy,Billy
Bielski,Dick
Gibbons,Jim
Martin,Jim
Pietrosante,Nick
McGee,Max
McElhenny,Hugh
Reichow,Jerry
Webster,Alex
Dean,Ted
Smith,J.D.
Walston,Bobby
Pottios,Myron
Richter,Les
Connolly,Ted
James,Dick
Lemek,Ray
Schrader,Jim
Marchetti,Gino
Lane,Night Train
Lary,Yale
Schmidt,Joe
Forester,Bill
Gregg,Forrest
Ringo,Jim
Taylor,Jim
Patton,Jimmy
Shofner,Del
Tittle,Y.A.
Mitchell,Bobby
Brown,Roger
Kramer,Jerry
Ditka,Mike
Parker,Jim
Karras,Alex
Katcavage,Jim
Perkins,Don
Brown,Rosey
Smith,Jim Ray
Bass,Dick
Woodson,Abe
Kramer,Ron
Cogdill,Gail
Wood,Willie
Fiss,Galen
Hill,Jimmy
Barnes,Erich
Atkins,Doug
Brown,Jim
Glass,Bill
McCormack,Mike
Crow,John David
Tubbs,Jerry
Carpenter,Preston
Breedlove,Rod
Starr,Bart
Johnson,John Henry
Hazeltine,Matt
Wietecha,Ray
McDonald,Tommy
Fortunato,Joe
Petitbon,Richie
Gain,Bob
Randle,Sonny
Sewell,Harley
Michaels,Lou
Nutter,Buzz
Moore,Lenny
Szymanski,Dick
Unitas,Johnny
Koman,Bill
Wilson,Larry
Bishop,Don
LeBaron,Eddie
Lilly,Bob
Moore,Tom
Mason,Tommy
Dess,Darrell
Brown,Timmy
Lipscomb,Gene
Olsen,Merlin
Phillips,Red
Varrichione,Frank
Davis,Tommy
Smith,J.D.
Nisby,John
Snead,Norm
Atkins,Doug
Ditka,Mike
Brown,Jim
Gregg,Forrest
Jordan,Henry
Kramer,Jerry
Mason,Tommy
Lynch,Dick
Shofner,Del
Tittle,Y.A.
Fortunato,Joe
Brown,Roger
Ringo,Jim
Taylor,Rosey
Katcavage,Jim
Petitbon,Richie
Gray,Ken
Parker,Jim
Schafrath,Dick
Marchetti,Gino
Wilson,Larry
Adderley,Herb
Mitchell,Bobby
Pottios,Myron
Pardee,Jack
Woodson,Abe
Schmidt,Joe
Taylor,Jim
Dess,Darrell
Brown,Timmy
Barr,Terry
Thomas,Clendon
Pyle,Mike
Glass,Bill
Cogdill,Gail
Wade,Billy
Gordy,John
Retzlaff,Pete
Unitas,Johnny
Olsen,Merlin
DeMarco,Bob
Davis,Willie
Bradshaw,Charlie
Walker,Wayne
Hawkins,Rip
Dial,Buddy
Marconi,Joe
Fiss,Galen
Morrow,John
Parrish,Bernie
Berry,Raymond
Mackey,John
Johnson,Charley
Meinert,Dale
Baker,Sam
Folkins,Lee
Perkins,Don
Whittenton,Jesse
Alderman,Grady
Barnes,Erich
Gifford,Frank
LoVetere,John
Baughan,Maxie
Johnson,John Henry
Krupa,Joe
Michaels,Lou
Bass,Dick
Davis,Tommy
Promuto,Vince
Rutgens,Joe
Snead,Norm
Ditka,Mike
Fortunato,Joe
Brown,Jim
Marchetti,Gino
Moore,Lenny
Parker,Jim
Unitas,Johnny
Fischer,Pat
Lilly,Bob
Krause,Paul
Davis,Willie
Gregg,Forrest
Schafrath,Dick
Gray,Ken
Wood,Willie
Boyd,Bobby
Nitschke,Ray
Tingelhoff,Mick
Baughan,Maxie
Walker,Wayne
Olsen,Merlin
Gordy,John
Warfield,Paul
Renfro,Mel
Mitchell,Bobby
Barnes,Erich
Houston,Jim
Vogel,Bob
Adderley,Herb
Retzlaff,Pete
Taylor,Jim
Bradshaw,Charlie
Jurgensen,Sonny
Taylor,Charley
Brown,Roger
Glass,Bill
Koman,Bill
Lary,Yale
Peters,Floyd
Ballman,Gary
Meador,Eddie
Huff,Sam
Ringo,Jim
Jones,Deacon
Hazeltine,Matt
LeBeau,Dick
Mason,Tommy
Conrad,Bobby Joe
Brown,Bill
Paluck,John
Modzelewski,Dick
Ryan,Frank
Berry,Raymond
Szymanski,Dick
Goode,Irv
Barr,Terry
Gibbons,Jim
Alderman,Grady
Tarkenton,Fran
Brown,Rosey
Thomas,Aaron
Baker,Sam
Cross,Irv
Johnson,John Henry
Pottios,Myron
Krueger,Charlie
Parks,Dave
Promuto,Vince
Sayers,Gale
Brown,Jim
Parker,Jim
Lilly,Bob
Walker,Wayne
Davis,Willie
Wood,Willie
Tingelhoff,Mick
Retzlaff,Pete
Parks,Dave
Karras,Alex
Adderley,Herb
Jones,Deacon
Schafrath,Dick
Krause,Paul
Butkus,Dick
Orr,Jimmy
Vogel,Bob
Collins,Gary
Fortunato,Joe
Brown,Bob
Renfro,Mel
Houston,Jim
Gordy,John
Ditka,Mike
Brown,Timmy
Olsen,Merlin
Atkins,Doug
Fischer,Pat
Brown,Roger
Willard,Ken
DeMarco,Bob
Hayes,Bob
LeBeau,Dick
Brown,Rosey
Baughan,Maxie
Brodie,John
Ryan,Frank
Wooten,John
Silas,Sam
Meador,Eddie
Hickerson,Gene
Wilson,Larry
Alderman,Grady
Brown,Bill
Wiggin,Paul
Logan,Jerry
Mackey,John
Bakken,Jim
McMillan,Ernie
Meinert,Dale
Randle,Sonny
Andrie,George
Green,Cornell
Howley,Chuck
Studstill,Pat
Caffey,Lee Roy
Dowler,Boyd
Tarkenton,Fran
Frederickson,Tucker
Cross,Irv
Ringo,Jim
Snead,Norm
Ballman,Gary
McDonald,Tommy
Bosley,Bruce
Crow,John David
Rock,Walt
Rutgens,Joe
Taylor,Charley
Sayers,Gale
Kelly,Leroy
Mackey,John
Wilson,Larry
Hayes,Bob
Lilly,Bob
Adderley,Herb
Davis,Willie
Starr,Bart
Tingelhoff,Mick
Brown,Bob
Jones,Deacon
Olsen,Merlin
Gregg,Forrest
Wood,Willie
Studstill,Pat
Howley,Chuck
Green,Cornell
Thomas,John
Wooten,John
Parks,Dave
Baughan,Maxie
Hickerson,Gene
Butkus,Dick
Stovall,Jerry
Gray,Ken
Taylor,Charley
Petitbon,Richie
Smith,Jackie
Brown,Roger
Robinson,Dave
Peters,Floyd
McGee,Ben
Gossett,Bruce
Meador,Eddie
Jurgensen,Sonny
Collins,Gary
Meredith,Don
Jordan,Henry
Bass,Dick
Braase,Ordell
Robb,Joe
Andrie,George
Renfro,Mel
Bosley,Bruce
Wilcox,Dave
Nobis,Tommy
Brewer,Johnny
Green,Ernie
Ryan,Frank
Schafrath,Dick
Lyles,Lenny
Unitas,Johnny
Reynolds,Bob
Roland,Johnny
Walker,Chuck
Manders,Dave
Perkins,Don
LeBeau,Dick
Skoronski,Bob
Alderman,Grady
Flatley,Paul
Sunde,Milt
Lockhart,Spider
Clark,Mike
Keys,Brady
McKeever,Marlin
Mudd,Howard
Willard,Ken
Hanburger,Chris
Hauss,Len
Sayers,Gale
Hickerson,Gene
Kelly,Leroy
Unitas,Johnny
Green,Cornell
Lilly,Bob
Davis,Willie
Robinson,Dave
Jones,Deacon
Olsen,Merlin
Jeter,Bob
Mackey,John
Wilson,Larry
Neely,Ralph
Gregg,Forrest
Kramer,Jerry
Wood,Willie
Tingelhoff,Mick
Jones,Homer
Taylor,Charley
Nobis,Tommy
Baughan,Maxie
Meador,Eddie
Butkus,Dick
Richardson,Willie
Hayes,Bob
Howley,Chuck
DeMarco,Bob
Smith,Jerry
Vogel,Bob
Mudd,Howard
McMillan,Ernie
Roland,Johnny
Jurgensen,Sonny
Gray,Ken
Adderley,Herb
Whitsell,Dave
Andrie,George
Glass,Bill
Bakken,Jim
Meinert,Dale
Renfro,Mel
Chandler,Don
Dowler,Boyd
Peters,Floyd
Petitbon,Richie
Braase,Ordell
Perkins,Don
Barney,Lem
Miller,Fred
Smith,Jackie
Green,Ernie
Johnson,Walter
Schafrath,Dick
Wiggin,Paul
Volk,Rick
Goode,Irv
Stovall,Jerry
Jordan,Lee Roy
Meredith,Don
Farr,Mel
Alderman,Grady
Brown,Bill
Koy,Ernie
Tarkenton,Fran
Ringo,Jim
Woodson,Marv
Brown,Roger
Casey,Bernie
Gabriel,Roman
Josephson,Les
Mack,Tom
Snow,Jack
Bosley,Bruce
Hanburger,Chris
Hickerson,Gene
Kelly,Leroy
Mackey,John
Wilson,Larry
Lilly,Bob
Barney,Lem
Jones,Deacon
Olsen,Merlin
Eller,Carl
Tingelhoff,Mick
McNeil,Clifton
Butkus,Dick
Curtis,Mike
Morrall,Earl
Boyd,Bobby
Mudd,Howard
Howley,Chuck
Brown,Bob
Vogel,Bob
Wood,Willie
Warfield,Paul
Nobis,Tommy
Meador,Eddie
Brown,Bill
Smith,Jackie
Jefferson,Roy
Andrie,George
Baughan,Maxie
Cowan,Charlie
Gray,Ken
Dale,Carroll
Jones,Homer
Barnes,Erich
Morin,Milt
Jordan,Lee Roy
Renfro,Mel
Lockhart,Spider
Hoak,Dick
Hanburger,Chris
Miller,Fred
Mack,Tom
Alexander,Kermit
Willard,Ken
Johnson,Walter
Richardson,Willie
Meredith,Don
Perkins,Don
Marshall,Jim
Page,Alan
Woodeshick,Tom
Russell,Andy
Gabriel,Roman
Wilcox,Dave
Taylor,Rosey
Kellermann,Ernie
Schafrath,Dick
Matte,Tom
Brumm,Don
Reynolds,Bob
Rowe,Bob
Niland,John
Sanders,Charlie
Anderson,Donny
Gregg,Forrest
Larson,Greg
Tarkenton,Fran
Baker,Sam
McGee,Ben
Carollo,Joe
Gossett,Bruce
Scibelli,Joe
Hauss,Len
Butkus,Dick
Sayers,Gale
Hill,Calvin
Barney,Lem
Eller,Carl
Tingelhoff,Mick
Brown,Bob
Jones,Deacon
Olsen,Merlin
Howley,Chuck
Gabriel,Roman
Hickerson,Gene
Wilson,Larry
Smith,Jerry
Lilly,Bob
Neely,Ralph
Robinson,Dave
Jefferson,Roy
Niland,John
Page,Alan
Mack,Tom
Washington,Gene
Renfro,Mel
Gillingham,Gale
Warfield,Paul
Johnson,Jimmy
Sanders,Charlie
Alderman,Grady
Hanburger,Chris
Andrie,George
Baughan,Maxie
Jordan,Lee Roy
Greene,Joe
Matte,Tom
Wood,Willie
Dempsey,Tom
Washington,Gene
Fischer,Pat
Kelly,Leroy
Jurgensen,Sonny
Marshall,Jim
Wilcox,Dave
Gregory,Jack
McMillan,Ernie
Smith,Jackie
Krause,Paul
Cowan,Charlie
Berry,Bob
Brezina,Greg
Butler,Cannonball
Etter,Bob
Kunz,George
Mitchell,Jim
Reaves,Ken
Hoaglin,Fred
Houston,Jim
Johnson,Walter
Nelsen,Bill
Miller,Fred
Volk,Rick
Reynolds,Bob
Stovall,Jerry
Flanagan,Ed
Dale,Carroll
Jeter,Bob
Kapp,Joe
Larsen,Gary
Baker,Tony
Kupp,Jake
Livingston,Andy
Tarkenton,Fran
Williams,Willie
Jackson,Harold
Lloyd,Dave
Rossovich,Tim
Walden,Bobby
Collett,Elmer
Willard,Ken
Brown,Larry
Hauss,Len
Butkus,Dick
Gordon,Dick
Wilson,Larry
Sanders,Charlie
Bell,Bobby
Robinson,Johnny
Tyrer,Jim
Eller,Carl
Page,Alan
Olsen,Merlin
Brodie,John
Johnson,Jimmy
Washington,Gene
Brown,Larry
Brown,Bob
Jackson,Rich
Johnson,Ron
Gillingham,Gale
Marsalis,Jim
Otto,Jim
Brown,Willie
Stenerud,Jan
Jones,Deacon
Mack,Tom
Wehrli,Roger
Lanier,Willie
Briscoe,Marlin
Lane,MacArthur
Little,Floyd
Russell,Andy
Sweeney,Walt
Hill,Winston
Elliott,John
Wells,Warren
Hickerson,Gene
Lamonica,Daryle
Humphrey,Claude
Trumpy,Bob
Smith,Bubba
McMillan,Ernie
Flanagan,Ed
Naumoff,Paul
Wilcox,Dave
Logan,Jerry
Budde,Ed
Cox,Fred
Greene,Joe
Dixon,Hewritt
Wood,Willie
Houston,Ken
Biletnikoff,Fred
Niland,John
Buchanan,Buck
Csonka,Larry
Griese,Bob
Warfield,Paul
Schuh,Harry
Stallings,Larry
Renfro,Mel
Lilly,Bob
Farr,Mel
Curtis,Mike
Smith,Jackie
Carr,Fred
Mays,Jerry
Tarkenton,Fran
Chester,Raymond
Garrison,Gary
Nobis,Tommy
Green,Bobby Joe
Turner,Cecil
Parrish,Lemar
Houston,Jim
Kelly,Leroy
Dale,Carroll
Wilson,Jerrel
Kassulke,Karl
Larsen,Gary
Osborn,Dave
Washington,Gene
Morris,Jon
Moore,Zeke
Cowan,Charlie
Rohde,Len
Hauss,Len
Hendricks,Ted
Lilly,Bob
Sanders,Charlie
Brockington,John
Lanier,Willie
Taylor,Otis
Griese,Bob
Warfield,Paul
Eller,Carl
Page,Alan
Yary,Ron
Johnson,Jimmy
Smith,Bubba
Brown,Willie
Little,Larry
Bradley,Bill
Wilcox,Dave
Niland,John
Blue,Forrest
Volk,Rick
Csonka,Larry
Bell,Bobby
Tyrer,Jim
Humphrey,Claude
Little,Floyd
Houston,Ken
Wright,Rayfield
Gillingham,Gale
Krause,Paul
Greene,Joe
Brown,Bob
Washington,Gene
Mack,Tom
Wilson,Jerrel
Knight,Curt
Staubach,Roger
Butkus,Dick
Curry,Bill
Renfro,Mel
Wehrli,Roger
Brown,Larry
Otto,Jim
Kelly,Leroy
Thomas,Emmitt
Scott,Jake
Chester,Raymond
Sweeney,Walt
Jefferson,Roy
Morin,Milt
Stenerud,Jan
Grim,Bob
Buchanan,Buck
Robertson,Isiah
Logan,Jerry
Vogel,Bob
Lucci,Mike
Owens,Steve
Hill,Winston
Bethea,Elvin
Green,Cornell
Widby,Ron
Flanagan,Ed
Landry,Greg
Stanfill,Bill
Biletnikoff,Fred
Kwalick,Ted
Howley,Chuck
Hardman,Cedrick
Gordon,Dick
Bulaich,Norm
Curtis,Mike
Budde,Ed
Culp,Curley
Dawson,Len
Ellison,Willie
Olsen,Merlin
Garrison,Gary
Kunz,George
Parrish,Lemar
Morris,Mercury
Russell,Andy
Hubbard,Marv
Taylor,Bruce
Washington,Vic
Duncan,Speedy
Humphrey,Claude
Wright,Rayfield
Little,Larry
Bradley,Bill
Greene,Joe
Wilcox,Dave
Brown,Larry
Hanburger,Chris
Johnson,Jimmy
Marcol,Chester
Brown,Willie
Blue,Forrest
Washington,Gene
Gregory,Jack
Namath,Joe
Kwalick,Ted
Simpson,O.J.
Butkus,Dick
Reid,Mike
Anderson,Dick
Niland,John
Lilly,Bob
Scott,Jake
Csonka,Larry
Wilson,Jerrel
Yary,Ron
Lanier,Willie
Stanfill,Bill
Warfield,Paul
Upshaw,Gene
Page,Alan
Jackson,Harold
Russell,Andy
Hill,Winston
Mack,Tom
Brockington,John
Krause,Paul
Taylor,Otis
Chester,Raymond
Gerela,Roy
Hendricks,Ted
Hauss,Len
Kunz,George
Otto,Jim
James,Robert
Barney,Lem
Buoniconti,Nick
Harris,Franco
Bethea,Elvin
Chapple,Dave
Kilmer,Billy
Bell,Bobby
White,Dwight
Renfro,Mel
Houston,Ken
Freitas,Rocky
Johnson,Ron
Lamonica,Daryle
Jones,Deacon
Mitchell,Jim
Green,Cornell
Smith,Paul
Brown,Robert
Carr,Fred
Thomas,Emmitt
Gilliam,John
Caster,Rich
Shell,Art
Bacon,Coy
Olsen,Merlin
Garrison,Gary
Peoples,Woody
Taylor,Charley
Nobis,Tommy
Hill,J.D.
Smith,Ron
Myers,Chip
Davis,Ben
Curry,Bill
Laird,Bruce
Garrison,Walt
Hill,Calvin
Evans,Norm
Morris,Mercury
Snead,Norm
Hubbard,Marv
Hadl,John
Sweeney,Walt
Simpson,O.J.
Anderson,Dick
Little,Larry
Page,Alan
Greene,Joe
Jackson,Harold
Brown,Willie
Yepremian,Garo
Jordan,Lee Roy
Renfro,Mel
Yary,Ron
Hadl,John
Hanburger,Chris
Humphrey,Claude
Wilcox,Dave
Csonka,Larry
Young,Charle
Lanier,Willie
Stanfill,Bill
Eller,Carl
Blue,Forrest
Guy,Ray
Wright,Rayfield
Scott,Jake
Carmichael,Harold
Odoms,Riley
Brockington,John
Warfield,Paul
Mack,Tom
Hill,Calvin
Kunz,George
Reid,Mike
Robertson,Isiah
James,Robert
Langer,Jim
Shell,Art
Ham,Jack
Houston,Ken
Gilliam,John
Ellis,Ken
Olsen,Merlin
Krause,Paul
Gillingham,Gale
Biletnikoff,Fred
Niland,John
Hill,Winston
Russell,Andy
White,Dwight
Bradley,Bill
Mike-Mayer,Nick
Kwalick,Ted
Wittum,Tom
Smith,Paul
Upshaw,Gene
Hendricks,Ted
Rudnay,Jack
Scott,Clarence
Griese,Bob
Greenwood,L.C.
Stabler,Ken
Shanklin,Ron
Tatum,Jack
Barney,Lem
Youngblood,Jack
Zook,John
Bethea,Elvin
McCutcheon,Lawrence
Curtis,Isaac
Lilly,Bob
Little,Floyd
Buoniconti,Nick
Morris,Mercury
Siemon,Jeff
Van Dyke,Bruce
Villapiano,Phil
Taylor,Charley
Foley,Dave
Chambers,Wally
Trumpy,Bob
Pruitt,Greg
Sherk,Jerry
Moses,Haven
Flanagan,Ed
Carter,Jim
Moore,Wayne
Foreman,Chuck
Barkum,Jerome
Gabriel,Roman
Harris,Franco
Hubbard,Marv
Bertelsen,Jim
Peoples,Woody
Mul-Key,Herb
Simpson,O.J.
Odoms,Riley
Hendricks,Ted
Langer,Jim
Page,Alan
Yary,Ron
Greene,Joe
Ham,Jack
Branch,Cliff
Shell,Art
Stabler,Ken
Pearson,Drew
Armstrong,Otis
Bergey,Bill
Greenwood,L.C.
James,Robert
Marcol,Chester
Guy,Ray
Humphrey,Claude
Thomas,Emmitt
Mack,Tom
Youngblood,Jack
Little,Larry
Upshaw,Gene
Wehrli,Roger
Lanier,Willie
Scott,Jake
McCutcheon,Lawrence
Houston,Ken
Gillingham,Gale
Foreman,Chuck
Young,Charle
Hanburger,Chris
Hart,Jim
Wright,Rayfield
Curtis,Isaac
Anderson,Dick
Stanfill,Bill
Gray,Mel
Harris,Cliff
Taylor,Charley
Villapiano,Phil
Blue,Forrest
Wittum,Tom
Gerela,Roy
Washington,Russ
Sistrunk,Otis
Kuechenberg,Bob
Warfield,Paul
Bethea,Elvin
Russell,Andy
Tatum,Jack
Evans,Norm
Dierdorf,Dan
Robertson,Isiah
Parrish,Lemar
Olsen,Merlin
Kunz,George
Curtis,Mike
Metcalf,Terry
Hill,Calvin
Sanders,Charlie
Ellis,Ken
Rudnay,Jack
Eller,Carl
Tarkenton,Fran
Caster,Rich
Harris,Franco
Biletnikoff,Fred
Johnson,Jimmy
Van Note,Jeff
Casanova,Tommy
Pruitt,Greg
Sherk,Jerry
Jordan,Lee Roy
Nye,Blaine
Jauron,Dick
Buchanon,Willie
Csonka,Larry
Griese,Bob
Gilliam,John
Krause,Paul
Harris,James
Talbert,Diron
Simpson,O.J.
Bakken,Jim
Langer,Jim
Foreman,Chuck
Tarkenton,Fran
Yary,Ron
Culp,Curley
Blount,Mel
Greenwood,L.C.
Ham,Jack
Youngblood,Jack
Houston,Ken
Gray,Mel
Wehrli,Roger
Krause,Paul
Page,Alan
Young,Charle
DeLamielleure,Joe
Guy,Ray
Kunz,George
Lambert,Jack
Robertson,Isiah
Curtis,Isaac
Chambers,Wally
Swann,Lynn
Hanburger,Chris
Branch,Cliff
White,Ed
Dierdorf,Dan
Metcalf,Terry
Harris,Franco
Anderson,Ken
Stenerud,Jan
Odoms,Riley
Villapiano,Phil
Mack,Tom
Thomas,Emmitt
Scott,Jake
Greene,Joe
Shell,Art
Dutton,John
Kuechenberg,Bob
Wright,Rayfield
James,John
Johnson,Billy
Russell,Andy
Tatum,Jack
Harris,Cliff
Lanier,Willie
Gilliam,John
Caster,Rich
Taylor,Charley
Carr,Fred
Hardman,Cedrick
Sherk,Jerry
Dobler,Conrad
Barney,Lem
Dryer,Fred
Banks,Tom
Wagner,Mike
Parrish,Lemar
Bryant,Bobby
Bethea,Elvin
Van Note,Jeff
Mitchell,Lydell
Sanders,Charlie
Rudnay,Jack
Siemon,Jeff
Riggins,John
Bradshaw,Terry
Edwards,Glen
Upshaw,Gene
McCutcheon,Lawrence
Olsen,Merlin
Hart,Jim
Otis,Jim
Staubach,Roger
Gradishar,Randy
Odom,Steve
Burrough,Ken
Pastorini,Dan
Boryla,Mike
Jackson,Harold
Reynolds,Jack
Washington,Russ
DeLamielleure,Joe
Simpson,O.J.
Chambers,Wally
Sherk,Jerry
Bakken,Jim
Dierdorf,Dan
Harris,Cliff
Ham,Jack
Lambert,Jack
Branch,Cliff
Casper,Dave
Guy,Ray
Jackson,Monte
Youngblood,Jack
Payton,Walter
Langer,Jim
Hannah,John
Hart,Tommy
Pearson,Drew
Yary,Ron
Houston,Ken
Jones,Bert
Wehrli,Roger
Brazile,Robert
Banks,Tom
Foreman,Chuck
Dutton,John
Dobler,Conrad
Robertson,Isiah
Shell,Art
Casanova,Tommy
Blount,Mel
Upchurch,Rick
Hanburger,Chris
Stabler,Ken
James,John
Kunz,George
Page,Alan
Haynes,Mike
Bergey,Bill
Bacon,Coy
Curtis,Isaac
Carr,Roger
Mitchell,Lydell
Wagner,Mike
Linhart,Toni
DuPree,Billy Joe
Greene,Joe
Parrish,Lemar
Nye,Blaine
Staubach,Roger
White,Ed
Culp,Curley
Tarkenton,Fran
White,Sammy
Francis,Russ
Edwards,Glen
Harris,Franco
Brown,Eddie
Gray,Mel
Van Pelt,Brad
Wright,Rayfield
Upshaw,Gene
Martin,Harvey
Villapiano,Phil
Joiner,Charlie
Elam,Cleveland
Pruitt,Greg
Sanders,Charlie
Siemon,Jeff
Gray,Leon
Greenwood,L.C.
Brooks,Larry
McCutcheon,Lawrence
Thomas,Mike
Anderson,Ken
LeClair,Jim
Hart,Jim
Waters,Charlie
Armstrong,Otis
Barney,Lem
Rudnay,Jack
Bryant,Bobby
Thomas,J.T.
Jessie,Ron
Saul,Rich
Washington,Dave
Williams,Delvin
Payton,Walter
Dierdorf,Dan
Harris,Cliff
Herrera,Efren
Martin,Harvey
Pearson,Drew
Langer,Jim
Ham,Jack
Harris,Franco
Casper,Dave
Guy,Ray
Shell,Art
Elam,Cleveland
DeLamielleure,Joe
Griese,Bob
Lawrence,Rolland
Alzado,Lyle
Upshaw,Gene
Jackson,Tom
Gradishar,Randy
Bergey,Bill
Moore,Nat
Johnson,Billy
Houston,Ken
Swann,Lynn
Jackson,Monte
Kelcher,Louie
Thompson,Bill
Wehrli,Roger
Haynes,Mike
Humphrey,Claude
James,John
Kunz,George
Banks,Tom
Yary,Ron
Robertson,Isiah
Mitchell,Lydell
White,Randy
Wright,Louis
Brooks,Larry
Staubach,Roger
Mack,Tom
Fugett,Jean
Waters,Charlie
Foreman,Chuck
Brazile,Robert
Youngblood,Jack
Jackson,Harold
Bacon,Coy
Van Pelt,Brad
Branch,Cliff
Barnes,Mike
Blair,Matt
White,Sammy
Culp,Curley
Casanova,Tommy
McCutcheon,Lawrence
Brown,Eddie
Burrough,Ken
Pruitt,Greg
Greene,Tony
Ellis,Allan
Parrish,Lemar
Linhart,Toni
Dobler,Conrad
DuPree,Billy Joe
Kuechenberg,Bob
Siemon,Jeff
White,Ed
Francis,Russ
Lambert,Jack
Haden,Pat
Washington,Russ
Dutton,John
Gray,Mel
Hart,Jim
Metcalf,Terry
Dalby,Dave
Stabler,Ken
France,Doug
Saul,Rich
Dierdorf,Dan
White,Randy
Gradishar,Randy
Wright,Louis
Hannah,John
Brazile,Robert
Campbell,Earl
Ham,Jack
Swann,Lynn
Webster,Mike
Casper,Dave
Guy,Ray
Youngblood,Jack
Kelcher,Louie
Walker,Wesley
DeLamielleure,Joe
Payton,Walter
Darden,Thom
Harris,Cliff
Baker,Al
Buchanon,Willie
Gray,Leon
Bradshaw,Terry
Corral,Frank
Haynes,Mike
Waters,Charlie
Kuechenberg,Bob
Williams,Delvin
Bergey,Bill
Lambert,Jack
Upchurch,Rick
Brooks,Larry
Alzado,Lyle
Green,Tony
Banks,Tom
DuPree,Billy Joe
Thompson,Bill
Blair,Matt
Carmichael,Harold
France,Doug
Bethea,Elvin
Thomas,Pat
Houston,Ken
Young,Bob
Manning,Archie
Harrah,Dennis
Washington,Russ
Largent,Steve
Carson,Harry
Van Pelt,Brad
Montgomery,Wilbert
Staubach,Roger
Middleton,Terdell
Rashad,Ahmad
Greene,Joe
Greenwood,L.C.
Shell,Art
Mack,Tom
Perry,Rod
Dorsett,Tony
Hill,Tony
Walters,Stan
Langer,Jim
Francis,Russ
Jennings,Dave
Culp,Curley
Jefferson,John
Jackson,Tom
Blount,Mel
Harris,Franco
Shell,Donnie
English,Doug
Cunningham,Sam
Pear,Dave
Henderson,Thomas
Martin,Harvey
Odoms,Riley
Hill,David
Johnson,Ezra
Lofton,James
Griese,Bob
Yepremian,Garo
Jones,Cody
Saul,Rich
White,Randy
Wright,Louis
Hannah,John
Brazile,Robert
Campbell,Earl
Gray,Leon
Reinfeldt,Mike
Ham,Jack
Stallworth,John
Webster,Mike
Youngblood,Jack
Fouts,Dan
Jefferson,John
Selmon,Lee Roy
Parrish,Lemar
Powell,Marvin
Grupp,Bob
Fritsch,Toni
Lambert,Jack
DeLamielleure,Joe
Payton,Walter
Anderson,Ottis
Greene,Joe
Young,Bob
Gradishar,Randy
Moseley,Mark
Casper,Dave
Jennings,Dave
Johnson,Charlie
Shell,Donnie
Myers,Tom
Haynes,Mike
Upchurch,Rick
Rashad,Ahmad
Carmichael,Harold
Walters,Stan
Pruitt,Mike
Wehrli,Roger
Donovan,Pat
Staubach,Roger
Carson,Harry
Van Pelt,Brad
Dean,Fred
Baumhower,Bob
Chester,Raymond
Brooks,Larry
Scott,Herbert
Henry,Wally
Greenwood,L.C.
Harris,Cliff
Blair,Matt
Childs,Henry
Youngblood,Jim
Houston,Ken
Breunig,Bob
Harrah,Dennis
Saul,Rich
Martin,Harvey
Blount,Mel
Washington,Russ
Foley,Tim
Chandler,Wes
Montgomery,Wilbert
Bradshaw,Terry
Harris,Franco
White,Ed
Largent,Steve
Van Note,Jeff
Hill,Tony
Jackson,Tom
Baker,Al
Muncie,Chuck
Bethea,Elvin
Sisemore,Jerry
Johnson,Gary
Lavender,Joe
DeLeone,Tom
Washington,Joe
Hill,David
Bokamper,Kim
Manning,Archie
Morgan,Stanley
Joiner,Charlie
Kenn,Mike
Payton,Walter
Sipe,Brian
Hannah,John
Jennings,Dave
Campbell,Earl
Webster,Mike
Hayes,Lester
Hendricks,Ted
Cromwell,Nolan
Jefferson,John
Johnson,Gary
Winslow,Kellen
White,Randy
Lofton,James
Still,Art
Brazile,Robert
Parrish,Lemar
Shell,Donnie
Lambert,Jack
Murray,Eddie
Selmon,Lee Roy
Smith,J.T.
DeLamielleure,Joe
Nelson,Steve
Dean,Fred
Scott,Herbert
Smerlas,Fred
Blair,Matt
Johnson,Charlie
Hill,Kent
Thomas,Pat
Fencik,Gary
Smith,John
Dierdorf,Dan
Sims,Billy
Barbaro,Gary
Haynes,Mike
Morgan,Stanley
Powell,Marvin
Miller,Junior
Guy,Ray
Joiner,Charlie
Van Note,Jeff
Cribbs,Joe
Rashad,Ahmad
Jaworski,Ron
Hampton,Dan
Kelcher,Louie
Breunig,Bob
Donovan,Pat
Anderson,Ottis
Saul,Rich
Carmichael,Harold
Ham,Jack
Fouts,Dan
Wilkerson,Doug
Andrews,William
Bartkowski,Steve
Butler,Jerry
DeLeone,Tom
Dieken,Doug
Pruitt,Mike
Tilley,Pat
Van Pelt,Brad
Stemrick,Greg
King,Kenny
Brooks,Larry
Harrah,Dennis
Perry,Rod
Giles,Jimmie
Casper,Dave
Jenkins,Alfred
Baker,Al
Adams,Julius
Fox,Tim
Harris,Franco
Shell,Art
Reynolds,Jack
Lewis,Dave
Lavender,Joe
Nelms,Mike
Jenkins,Alfred
Anderson,Ken
Munoz,Anthony
Dorsett,Tony
White,Randy
Lofton,James
Hannah,John
Taylor,Lawrence
Klecko,Joe
Powell,Marvin
Webster,Mike
Winslow,Kellen
Lott,Ronnie
Lambert,Jack
Cromwell,Nolan
Dean,Fred
Septien,Rafael
McInally,Pat
Cross,Randy
Sims,Billy
Swenson,Bob
Nelms,Mike
Gradishar,Randy
Scott,Herbert
Skladany,Tom
Blount,Mel
English,Doug
Fencik,Gary
Barbaro,Gary
Rogers,George
Johnson,Gary
Watson,Steve
Baumhower,Bob
Hicks,Dwight
Jones,Too Tall
Lowery,Nick
Robinson,Jerry
Carson,Harry
Johnson,Charlie
Kenn,Mike
Gastineau,Mark
Montana,Joe
Lewis,Frank
Smerlas,Fred
Green,Gary
Senser,Joe
Hayes,Lester
Delaney,Joe
Hendricks,Ted
Muncie,Chuck
Wilkerson,Doug
Donovan,Pat
Blair,Matt
Young,Roynell
Thompson,Bill
Roaches,Carl
Newman,Ed
Andrews,William
Collinsworth,Cris
Fields,Joe
Brazile,Robert
Shell,Donnie
Van Note,Jeff
Cribbs,Joe
Johnson,Pete
Newsome,Ozzie
Rashad,Ahmad
Campbell,Earl
Gray,Leon
Sisemore,Jerry
Saul,Rich
Fouts,Dan
Largent,Steve
Clark,Dwight
Giles,Jimmie
Bartkowski,Steve
Miller,Junior
Thielemann,R.C.
Walls,Everson
Still,Art
LeMaster,Frank
Selmon,Lee Roy
Munoz,Anthony
White,Randy
Taylor,Lawrence
Gastineau,Mark
McNeil,Freeman
Powell,Marvin
Lambert,Jack
Allen,Marcus
Chandler,Wes
Fouts,Dan
Wilkerson,Doug
Winslow,Kellen
Clark,Dwight
Moseley,Mark
Jennings,Dave
Haynes,Mark
Hampton,Dan
Walls,Everson
Green,Hugh
Webster,Mike
Selmon,Lee Roy
Cromwell,Nolan
Easley,Kenny
Hannah,John
Fields,Joe
Shell,Donnie
Nelms,Mike
Upchurch,Rick
Newman,Ed
Haynes,Mike
Thielemann,R.C.
Prestridge,Luke
Barbaro,Gary
Hendricks,Ted
Jones,Too Tall
English,Doug
Smerlas,Fred
Andrews,William
Kenn,Mike
Dorsett,Tony
Lofton,James
Baumhower,Bob
Carson,Harry
Hayes,Lester
Theismann,Joe
Breunig,Bob
Donovan,Pat
Gradishar,Randy
McCarren,Larry
Walker,Wesley
Brazile,Robert
Hill,Kent
Benirschke,Rolf
Giles,Jimmie
Peters,Tony
Williams,Ben
Ross,Dan
White,Danny
Brown,Charlie
Van Note,Jeff
Anderson,Ken
Collinsworth,Cris
Banks,Chip
Sims,Billy
Green,Gary
Still,Art
Franklin,Andra
Rogers,George
Harrison,Dennis
Johnson,Gary
Muncie,Chuck
Dorney,Keith
Coffman,Paul
Jefferson,John
Kuechenberg,Bob
Blair,Matt
Brown,Larry
Stallworth,John
Cross,Randy
Hicks,Dwight
Lott,Ronnie
Green,Roy
Betters,Doug
Hannah,John
Haji-Sheikh,Ali
Taylor,Lawrence
Lambert,Jack
Christensen,Todd
Dickerson,Eric
Jacoby,Joe
Theismann,Joe
White,Randy
Camarillo,Rich
Murphy,Mark
Easley,Kenny
Grimm,Russ
Long,Howie
Butz,Dave
Banks,Chip
Stephenson,Dwight
Quick,Mike
Johnson,Billy
Martin,Rod
Singletary,Mike
Baumhower,Bob
Munoz,Anthony
Green,Gary
Hayes,Lester
Green,Hugh
Webster,Mike
Andrews,William
Hill,Kent
Kenn,Mike
Smerlas,Fred
Walls,Everson
Lott,Ronnie
Gastineau,Mark
Lofton,James
Collinsworth,Cris
Jones,Too Tall
English,Doug
Cherry,Deron
Marino,Dan
Clayborn,Raymond
Anderson,Gary
Warner,Curt
Cribbs,Joe
Birdsong,Carl
Wright,Louis
Coffman,Paul
Bostic,Jeff
Newman,Ed
Cromwell,Nolan
Slater,Jackie
Hinton,Chris
Klecko,Joe
Powell,Marvin
Dean,Fred
Carson,Carlos
Jackson,Rickey
Holloway,Brian
Pruitt,Greg
Payton,Walter
Dorsett,Tony
Gradishar,Randy
McCarren,Larry
McElroy,Vann
Thielemann,R.C.
Duper,Mark
Kuechenberg,Bob
Collins,Tony
Haynes,Mark
Hendricks,Ted
Lawrence,Henry
Fouts,Dan
Montana,Joe
Selmon,Lee Roy
Brown,Charlie
Cosbie,Doug
Kenney,Bill
Carson,Harry
Campbell,Earl
Chandler,Wes
Winslow,Kellen
Hicks,Dwight
Payton,Walter
Singletary,Mike
Newsome,Ozzie
Green,Roy
Marino,Dan
Roby,Reggie
Stephenson,Dwight
Haynes,Mark
Taylor,Lawrence
Gastineau,Mark
Dickerson,Eric
Easley,Kenny
Johnson,Norm
Monk,Art
White,Randy
Fahnhorst,Keith
Hampton,Dan
Long,Howie
Hannah,John
Jacoby,Joe
Junior,E.J.
Grimm,Russ
Munoz,Anthony
Nash,Joe
Newman,Ed
Haynes,Mike
Lipps,Louis
Martin,Rod
Ellard,Henry
Cross,Randy
Dent,Richard
Stenerud,Jan
Merriweather,Mike
Bell,Todd
Cherry,Deron
Hayes,Lester
Young,Fredd
Jackson,Rickey
Allen,Marcus
Montana,Joe
Coffman,Paul
Lofton,James
Carson,Harry
Stallworth,John
Selmon,Lee Roy
Quillan,Fred
Clayton,Mark
Holloway,Brian
Munchak,Mike
Nelson,Steve
Tippett,Andre
Jackson,Earnest
Wright,Eric
Bates,Bill
Duper,Mark
McNeil,Freeman
Lawrence,Henry
Hicks,Dwight
Wilder,James
Still,Art
Baumhower,Bob
Webster,Mike
Christensen,Todd
McElroy,Vann
Brown,Dave
Largent,Steve
Kenn,Mike
Lomax,Neil
Cosbie,Doug
Winder,Sammy
Hansen,Brian
Cole,Robin
Hill,Kent
Krieg,Dave
Lott,Ronnie
Turner,Keena
Bell,Greg
Duhe,A.J.
Clark,Bruce
Klecko,Joe
Quick,Mike
Smith,Doug
Tyler,Wendell
Williamson,Carlton
Green,Darrell
Covert,Jimbo
Payton,Walter
Singletary,Mike
Munoz,Anthony
Stephenson,Dwight
Tippett,Andre
Taylor,Lawrence
Hopkins,Wes
Allen,Marcus
Christensen,Todd
Haynes,Mike
Easley,Kenny
Grimm,Russ
Marino,Dan
Hannah,John
White,Randy
Mecklenburg,Karl
Klecko,Joe
Quick,Mike
Long,Howie
Hatcher,Dale
Wright,Eric
Brown,Ron
Lipps,Louis
Largent,Steve
Dent,Richard
Gastineau,Mark
Walls,Everson
Jones,Rulon
Stark,Rohn
Andersen,Morten
Monk,Art
Anderson,Gary
Golic,Bob
Fouts,Dan
Collins,Jim
Hinton,Chris
Cherry,Deron
Marshall,Leonard
Mehl,Lance
Riggs,Gerald
Wilson,Otis
McNeil,Freeman
Hilgenberg,Jay
Banks,Chip
Junior,E.J.
Cosbie,Doug
Wright,Louis
Foster,Roy
Harrah,Dennis
Montana,Joe
Hampton,Dan
Carson,Harry
Munchak,Mike
Craig,Roger
Newsome,Ozzie
Lofton,James
Jackson,Rickey
Clayborn,Raymond
Holloway,Brian
Merriweather,Mike
Hill,Kent
Irvin,LeRoy
McMahon,Jim
Hill,Tony
Smith,Dennis
Clayton,Mark
Browner,Joey
Fryar,Irving
Marion,Fred
Nelson,Steve
Morris,Joe
Webster,Mike
Green,Gary
Slater,Jackie
Carter,Michael
Quillan,Fred
Giles,Jimmie
Jacoby,Joe
Duerson,Dave
Mack,Kevin
Matthews,Clay
James,Craig
Simms,Phil
O'Brien,Ken
Smith,Doug
Chandler,Wes
Young,Fredd
Williamson,Carlton
Singletary,Mike
Munoz,Anthony
Dixon,Hanford
Mecklenburg,Karl
Stephenson,Dwight
Andersen,Morten
Morris,Joe
Taylor,Lawrence
Dickerson,Eric
Rice,Jerry
Manley,Dexter
Marshall,Wilber
Jones,Rulon
Marino,Dan
Bavaro,Mark
Landeta,Sean
Covert,Jimbo
Toon,Al
Harrah,Dennis
Lott,Ronnie
Fralic,Bill
Edmonds,Bobby Joe
Duerson,Dave
White,Reggie
McMichael,Steve
Irvin,LeRoy
Cherry,Deron
Grimm,Russ
Morgan,Stanley
Stark,Rohn
Christensen,Todd
Green,Darrell
Maas,Bill
Smith,Dennis
Clayborn,Raymond
Tatupu,Mosi
Hilgenberg,Jay
Jackson,Rickey
Tippett,Andre
Carson,Harry
Slater,Jackie
Warner,Curt
Offerdahl,John
Kramer,Tommy
Franklin,Tony
Gray,Jerry
Clark,Gary
Brooks,James
Montoya,Max
Banks,Chip
Foster,Roy
Risien,Cody
Sikahema,Vai
Long,Howie
Hinton,Chris
Burruss,Lloyd
Burt,Jim
Payton,Walter
Marshall,Leonard
Largent,Steve
Golic,Bob
Minnifield,Frank
Donaldson,Ray
Bishop,Keith
Elway,John
Jordan,Steve
Mayes,Rueben
Benson,Brad
Shuler,Mickey
Quick,Mike
Allen,Marcus
Ekern,Carl
Smith,Doug
Young,Fredd
Jacoby,Joe
Monk,Art
Schroeder,Jay
Riggs,Gerald
Esiason,Boomer
Wolfley,Ron
Winder,Sammy
Clayton,Mark
Duper,Mark
Browner,Joey
Jackson,Earnest
Merriweather,Mike
Haynes,Mike
Mosebar,Don
Anderson,Gary
Green,Jacob
Dickerson,Eric
Dixon,Hanford
Arnold,Jim
Browner,Joey
Andersen,Morten
Bavaro,Mark
Munchak,Mike
White,Reggie
Young,Fredd
Rice,Jerry
Fralic,Bill
Smith,Bruce
Singletary,Mike
White,Charles
Lott,Ronnie
Carter,Michael
Zimmerman,Gary
McMichael,Steve
Banks,Carl
Minnifield,Frank
Tippett,Andre
Montana,Joe
Munoz,Anthony
Stephenson,Dwight
Elway,John
Largent,Steve
Solt,Ron
Mecklenburg,Karl
Maas,Bill
Doleman,Chris
Bostic,Keith
Slater,Jackie
Warner,Curt
Hilgenberg,Jay
Taylor,Lawrence
Hinton,Chris
Wolfley,Ron
Biasucci,Dean
Bickett,Duane
Quick,Mike
Clark,Gary
Sikahema,Vai
Toon,Al
Webster,Mike
Green,Jacob
Green,Darrell
Walker,Herschel
Gray,Jerry
Mojsiejenko,Ralf
Easley,Kenny
Marshall,Wilber
Waymer,Dave
Christensen,Todd
Lachey,Jim
Winslow,Kellen
Tasker,Steve
Mayes,Rueben
Donaldson,Ray
Duerson,Dave
Krumrie,Tim
Bishop,Keith
Mann,Charles
Kosar,Bernie
Risien,Cody
Lomax,Neil
Sharpe,Luis
Carson,Carlos
Cherry,Deron
Lewis,Albert
Offerdahl,John
Carter,Anthony
Jordan,Steve
Edelman,Brad
Rozier,Mike
Harrah,Dennis
Craig,Roger
Riggs,Gerald
Kelly,Jim
Golic,Bob
Mack,Kevin
Matthews,Clay
McNeil,Gerald
Marino,Dan
Studwell,Scott
Brenner,Hoby
Mills,Sam
Morgan,Stanley
Carson,Harry
Allen,Marcus
Long,Howie
Smith,Doug
Bennett,Cornelius
Smith,Bruce
Hilgenberg,Jay
Singletary,Mike
Esiason,Boomer
Munoz,Anthony
Minnifield,Frank
Dickerson,Eric
Browner,Joey
White,Reggie
Craig,Roger
Cherry,Deron
Lee,Carl
Taylor,Lawrence
Matthews,Bruce
Jackson,Keith
Rice,Jerry
Ellard,Henry
Newberry,Tom
Krumrie,Tim
Conlan,Shane
Horan,Mike
Norwood,Scott
Brown,Tim
Taylor,John
Arnold,Jim
Millard,Keith
Zimmerman,Gary
Toon,Al
Brown,Eddie
Shuler,Mickey
Munchak,Mike
Fralic,Bill
Slater,Jackie
Carter,Michael
Lott,Ronnie
Walker,Herschel
Tippett,Andre
Childress,Ray
Fulcher,David
Sharpe,Luis
Offerdahl,John
Cunningham,Randall
Lewis,Albert
Stephens,John
Donaldson,Ray
Case,Scott
Hull,Kent
Montoya,Max
Andersen,Morten
Ilkin,Tunch
Gray,Jerry
Smerlas,Fred
Duerson,Dave
Haley,Charles
May,Mark
Hinton,Chris
Cofer,Mike
Anderson,Neal
Brooks,James
Holman,Rodney
Thomas,Eric
Dixon,Hanford
Matthews,Clay
Hackett,Dino
Clayton,Mark
Carter,Anthony
Doleman,Chris
Studwell,Scott
Rembert,Johnny
McMillan,Erik
Hill,Drew
Moon,Warren
Williams,Lee
Settle,John
Kelly,Jim
Reed,Andre
Bortz,Mark
Smith,J.T.
Wolfley,Ron
Sochia,Brian
Jordan,Steve
Wilson,Wade
Martin,Eric
Mills,Sam
Kinard,Terry
Grimsley,John
Rozier,Mike
Millen,Matt
Smith,Doug
Krieg,Dave
Porter,Rufus
Mann,Charles
Munoz,Anthony
Harris,Tim
Sharpe,Sterling
Lewis,Albert
Okoye,Christian
Doleman,Chris
Millard,Keith
Montana,Joe
Rice,Jerry
Fulcher,David
Sanders,Barry
Newberry,Tom
Hilgenberg,Jay
Singletary,Mike
Perry,Michael Dean
Mecklenburg,Karl
White,Reggie
Woodson,Rod
Taylor,Lawrence
Matthews,Bruce
Munchak,Mike
Jackson,Keith
Lott,Ronnie
Holman,Rodney
Allen,Eric
Murray,Eddie
Greene,Kevin
Hull,Kent
Thomas,Thurman
Johnson,Vaughan
Williams,Lee
McDonald,Tim
Browner,Joey
Gray,Jerry
Slater,Jackie
Ball,Jerry
Porter,Rufus
Reed,Andre
Smith,Bruce
Hinton,Chris
Zimmerman,Gary
Anderson,Neal
Johnson,Mike
Treadwell,David
Thomas,Derrick
Meggett,Dave
O'Neal,Leslie
Minnifield,Frank
Smith,Dennis
Esiason,Boomer
Slaughter,Webster
McDaniel,Randall
McMillan,Erik
Miller,Anthony
Fralic,Bill
Wolfley,Ron
Kragen,Greg
Moon,Warren
Hilliard,Dalton
Swilling,Pat
Montoya,Max
Camarillo,Rich
Majkowski,Don
Roby,Reggie
Jordan,Steve
Carrier,Mark
Brooks,James
Matthews,Clay
Donaldson,Ray
Spielman,Chris
Ross,Kevin
Edmunds,Ferrell
Offerdahl,John
Lee,Carl
Long,Howie
Ellard,Henry
Blades,Brian
Craig,Roger
Taylor,John
Mann,Charles
Conlan,Shane
Dickerson,Eric
Sharpe,Luis
Elway,John
Fullwood,Brent
Carter,Anthony
Rembert,Johnny
Cunningham,Randall
Ilkin,Tunch
Smith,Doug
Krieg,Dave
McIntyre,Guy
Rypien,Mark
Rison,Andre
Hull,Kent
Smith,Bruce
Thomas,Thurman
Perry,Michael Dean
Sanders,Barry
Lowery,Nick
Thomas,Derrick
Offerdahl,John
Browner,Joey
Johnson,Pepper
Landeta,Sean
Matthews,Bruce
Jackson,Keith
Woodson,Rod
Rice,Jerry
Lachey,Jim
Munoz,Anthony
Gray,Mel
Lewis,Albert
White,Reggie
Haley,Charles
Wisniewski,Steve
Lott,Ronnie
Townsend,Greg
Cunningham,Randall
Childress,Ray
Carrier,Mark
McDaniel,Randall
Moon,Warren
Montana,Joe
Green,Darrell
Verdin,Clarence
Brown,Jerome
Talley,Darryl
Bortz,Mark
Thompson,Reyna
Reed,Andre
Anderson,Neal
Holman,Rodney
Stark,Rohn
Butts,Marion
Dent,Richard
Hilgenberg,Jay
Singletary,Mike
Fulcher,David
Atwater,Steve
Taylor,Lawrence
Little,David
Ball,Jerry
Brown,Lomas
Armstrong,Bruce
Givins,Ernest
Slater,Jackie
Miller,Anthony
Bennett,Cornelius
Tasker,Steve
McIntyre,Guy
Haddix,Wayne
Conlan,Shane
Kelly,Jim
Sharpe,Sterling
Ross,Kevin
Cross,Jeff
Doleman,Chris
Johnson,Vaughan
Swilling,Pat
Munchak,Mike
Mosebar,Don
O'Neal,Leslie
Brooks,James
Webb,Richmond
Hill,Drew
Jackson,Bo
Byner,Earnest
Clark,Gary
Wolford,Will
Johnson,Mike
Johnson,Johnny
Smith,Emmitt
Humphrey,Bobby
Smith,Dennis
Spielman,Chris
Edmunds,Ferrell
Jordan,Steve
Lee,Carl
Andersen,Morten
Howard,Erik
Oates,Bart
Roberts,William
Everett,Jim
Williams,John
Kelly,Jim
Thomas,Thurman
Irvin,Michael
Sanders,Barry
Swilling,Pat
Cook,Marv
Simmons,Clyde
White,Reggie
Gossett,Jeff
Wisniewski,Steve
Green,Darrell
Lachey,Jim
Atwater,Steve
Ball,Jerry
Brown,Jerome
Lott,Ronnie
Sanders,Deion
Thomas,Derrick
Munchak,Mike
Jaeger,Jeff
Mills,Sam
Gray,Mel
Jeffires,Haywood
Dishman,Cris
Smith,Al
McDaniel,Randall
Matthews,Bruce
Joyner,Seth
Rice,Jerry
Singletary,Mike
Lohmiller,Chip
Bennett,Cornelius
Carrier,Mark
Childress,Ray
Perry,Michael Dean
Clark,Gary
Tasker,Steve
Novacek,Jay
Smith,Emmitt
Townsend,Greg
Rypien,Mark
Rison,Andre
Reed,Andre
Munoz,Anthony
Blades,Bennie
Brown,Lomas
Mosebar,Don
Hilgenberg,Jay
Camarillo,Rich
Spielman,Chris
Armstrong,Bruce
Fuller,William
Seau,Junior
McIntyre,Guy
McDonald,Tim
Okoye,Christian
Green,Gaston
Mecklenburg,Karl
Johnson,Vaughan
Thompson,Bennie
Brown,Tim
Byrd,Gill
Ritcher,Jim
Allen,Eric
Woodson,Rod
Kennedy,Cortez
Byner,Earnest
Mann,Charles
Hinton,Chris
Miller,Chris
Lofton,James
Talley,Darryl
Anderson,Neal
Gayle,Shaun
Aikman,Troy
Elway,John
Smith,Dennis
Smith,Neil
Clayton,Mark
Marino,Dan
Webb,Richmond
Jordan,Steve
Thomas,Henry
Oates,Bart
O'Brien,Ken
Moon,Warren
Lloyd,Greg
Horton,Ethan
Butts,Marion
Williams,John
Haley,Charles
Schlereth,Mark
Smith,Emmitt
Sharpe,Sterling
Cox,Bryan
Doleman,Chris
Matthews,Bruce
Foster,Barry
Woodson,Rod
Seau,Junior
Kennedy,Cortez
Rice,Jerry
Young,Steve
Sanders,Deion
Atwater,Steve
McDaniel,Randall
Jones,Henry
Novacek,Jay
Marshall,Wilber
Childress,Ray
Wisniewski,Steve
Camarillo,Rich
Andersen,Morten
Mills,Sam
White,Reggie
Thomas,Derrick
Webb,Richmond
McMillian,Audray
Stark,Rohn
Smith,Bruce
Jackson,Rickey
Stepnoski,Mark
Gray,Mel
Wallace,Steve
Swilling,Pat
McDonald,Tim
Smith,Al
Tasker,Steve
Zimmerman,Gary
Thomas,Thurman
Sanders,Barry
Holt,Pierce
Jackson,Keith
Marino,Dan
Munchak,Mike
Byrd,Gill
O'Neal,Leslie
McIntyre,Guy
Ballard,Howard
Bennett,Cornelius
Verdin,Clarence
Brown,Lomas
Jeffires,Haywood
Simmons,Clyde
Miller,Anthony
Jones,Brent
Shelley,Elbert
Bailey,Johnny
Newton,Nate
Cecil,Chuck
Scott,Todd
Thomas,Henry
Johnson,Vaughan
Allen,Eric
Haselrig,Carlton
Rison,Andre
Irvin,Michael
Kelly,Jim
Wolford,Will
Smith,Neil
McDaniel,Terry
Tuggle,Jessie
Odomes,Nate
Reed,Andre
Ritcher,Jim
Singletary,Mike
Green,Harold
Massey,Robert
Aikman,Troy
Brooks,Michael
Sharpe,Shannon
Favre,Brett
Alt,John
Lowery,Nick
Hilgenberg,Joel
Cook,Marv
Hampton,Rodney
Duncan,Curtis
Givins,Ernest
Moon,Warren
White,Lorenzo
Barnett,Fred
Dawson,Dermontti
Lloyd,Greg
O'Donnell,Neil
Long,Howie
Harmon,Ronnie
Robinson,Eugene
Watters,Ricky
Sanders,Deion
Smith,Bruce
Metcalf,Eric
Smith,Emmitt
Williams,Erik
Sharpe,Shannon
Butler,LeRoy
Sharpe,Sterling
McDaniel,Randall
Montgomery,Greg
Woodson,Rod
Seau,Junior
Kennedy,Cortez
Barton,Harris
Rice,Jerry
Nickerson,Hardy
Matthews,Bruce
Wisniewski,Steve
Smith,Neil
Randle,John
Lloyd,Greg
Bettis,Jerome
Young,Steve
Johnson,Norm
White,Reggie
Hughes,Tyrone
Jackson,Rickey
Robinson,Eugene
Tasker,Steve
Turnbull,Renaldo
Joyner,Seth
Thomas,Thurman
Camarillo,Rich
Elway,John
Sanders,Barry
Childress,Ray
Munchak,Mike
Allen,Eric
Jones,Brent
McDonald,Tim
Perry,Michael Dean
Aikman,Troy
Stepnoski,Mark
Allen,Marcus
Anderson,Gary
Dawson,Dermontti
Brown,Tim
Gilbert,Sean
Miller,Anthony
Odomes,Nate
Thomas,Derrick
Webb,Richmond
Doleman,Chris
Shelley,Elbert
Ballard,Howard
Dent,Richard
Newton,Nate
Atwater,Steve
McDaniel,Terry
Rison,Andre
Irvin,Michael
Norton,Ken
Hebert,Bobby
Bennett,Cornelius
Reed,Andre
Carrier,Mark
Woolford,Donnell
Everett,Thomas
Johnston,Daryl
Maryland,Russell
Novacek,Jay
Mecklenburg,Karl
Smith,Dennis
Brown,Lomas
Swilling,Pat
Favre,Brett
Alt,John
Montana,Joe
Byars,Keith
Fryar,Irving
Sims,Keith
Carter,Cris
Elliott,Jumbo
Hampton,Rodney
Oates,Bart
Simms,Phil
Esiason,Boomer
Jeffires,Haywood
Jones,Sean
Moon,Warren
Slaughter,Webster
Foster,Barry
Green,Eric
Long,Howie
Montoya,Max
O'Neal,Leslie
Warren,Chris
McIntyre,Guy
Sapolu,Jesse
Watters,Ricky
Smith,Bruce
Haley,Charles
Smith,Emmitt
Woodson,Darren
Sanders,Barry
Webb,Richmond
Carter,Cris
McDaniel,Randall
Randle,John
Roaf,Willie
Coates,Ben
Dawson,Dermontti
Lloyd,Greg
Woodson,Rod
Seau,Junior
Rice,Jerry
Sanders,Deion
Young,Steve
Roby,Reggie
Gray,Mel
Spielman,Chris
Turner,Eric
Newton,Nate
Carney,John
McGlockton,Chester
Greene,Kevin
Reveiz,Fuad
Wisniewski,Steve
Hanks,Merton
Kennedy,Cortez
Tasker,Steve
Faulk,Marshall
Brown,Lomas
White,Reggie
Marino,Dan
Sims,Keith
Lake,Carnell
McDaniel,Terry
O'Neal,Leslie
Tuten,Rick
Warren,Chris
Jones,Brent
Harvey,Ken
Reed,Andre
Metcalf,Eric
Paup,Bryce
Perry,Michael Dean
Williams,Aeneas
Stepnoski,Mark
Thomas,Derrick
Fryar,Irving
Del Rio,Jack
Brown,Tim
Stubblefield,Dana
Lett,Leon
Cox,Bryan
Armstrong,Bruce
Mathis,Terance
Tuggle,Jessie
Burnett,Rob
Johnson,Pepper
Joyner,Seth
Aikman,Troy
Novacek,Jay
Tuinei,Mark
Sharpe,Shannon
Zimmerman,Gary
Sharpe,Sterling
Carter,Dale
Smith,Neil
Bledsoe,Drew
Allen,Eric
Fuller,William
Love,Duval
Means,Natrone
McDonald,Tim
Oates,Bart
Sapolu,Jesse
Watters,Ricky
Shelley,Elbert
Hoard,Leroy
Irvin,Michael
Johnston,Daryl
Atwater,Steve
Elway,John
Moore,Herman
Moon,Warren
Martin,Wayne
Moore,Rob
Matthews,Bruce
Green,Eric
Gogan,Kevin
Hostetler,Jeff
Bettis,Jerome
Andersen,Morten
Paup,Bryce
Smith,Bruce
Williams,Aeneas
Newton,Nate
Smith,Emmitt
Woodson,Darren
Moore,Herman
Sanders,Barry
Favre,Brett
White,Reggie
Randle,John
Roaf,Willie
Coates,Ben
Dawson,Dermontti
Lloyd,Greg
Bennett,Darren
Hanks,Merton
Rice,Jerry
Mitchell,Brian
Seau,Junior
Brown,Lomas
McDaniel,Randall
McGlockton,Chester
Davis,Eric
Norton,Ken
Milburn,Glyn
Tasker,Steve
Allen,Larry
Pickens,Carl
Swann,Eric
Elam,Jason
Glover,Kevin
Carter,Dale
Smith,Neil
Webb,Richmond
Fuller,William
Lake,Carnell
Wisniewski,Steve
Warren,Chris
Stubblefield,Dana
Harvey,Ken
Harbaugh,Jim
Feagles,Jeff
Saleaumua,Dan
Martin,Curtis
Bishop,Blaine
Matthews,Bruce
Brown,Tim
Thomas,William
McDaniel,Terry
Zimmerman,Gary
Chmura,Mark
Armstrong,Bruce
Shelley,Elbert
Novacek,Jay
Atwater,Steve
Woodall,Lee
Faulk,Marshall
Sharpe,Shannon
Marino,Dan
Carter,Cris
McDonald,Tim
Aikman,Troy
Haley,Charles
Tuinei,Mark
Thomas,Derrick
Cox,Bryan
Sims,Keith
Allen,Eric
Lewis,Darryll
Watters,Ricky
Thigpen,Yancey
O'Neal,Leslie
Kennedy,Cortez
Oates,Bart
Young,Steve
Doleman,Chris
Heyward,Craig
Tuggle,Jessie
Blake,Jeff
Wolford,Will
Centers,Larry
Donaldson,Ray
Irvin,Michael
Miller,Anthony
Anders,Kimble
Bono,Steve
Shields,Will
Moon,Warren
Stepnoski,Mark
Greene,Kevin
Jones,Brent
Smith,Bruce
Blanchard,Cary
Gardocki,Chris
Allen,Larry
Sanders,Deion
Woodson,Darren
Davis,Terrell
Sharpe,Shannon
Williams,Alfred
Zimmerman,Gary
Butler,LeRoy
Favre,Brett
McDaniel,Randall
Randle,John
Brown,Chad
Dawson,Dermontti
Rice,Jerry
Young,Bryant
Bates,Michael
Sanders,Barry
Roaf,Willie
Greene,Kevin
Mills,Sam
Moore,Herman
Seau,Junior
Lathon,Lamar
Pickens,Carl
Williams,Aeneas
Carter,Dale
Ambrose,Ashley
Bettis,Jerome
Turk,Matt
Schwantz,Jim
Kasay,John
Walls,Wesley
Tolbert,Tony
Williams,Erik
Atwater,Steve
Elway,John
White,Reggie
Thomas,Derrick
Armstrong,Bruce
Matthews,Bruce
McGlockton,Chester
Kennedy,Cortez
Allen,Terry
Brown,Lomas
Glover,Kevin
Lake,Carnell
Kirkland,Levon
Martin,Tony
Shields,Will
Meggett,Dave
Centers,Larry
Mills,John Henry
Stepnoski,Mark
Hanks,Merton
Nickerson,Hardy
Paup,Bryce
Davis,Eric
Swann,Eric
Donaldson,Ray
Newton,Nate
Braxton,Tyrone
Perry,Michael Dean
Romanowski,Bill
Jackson,Keith
Boselli,Tony
Carter,Cris
Bledsoe,Drew
Coates,Ben
Martin,Curtis
Bishop,Blaine
Fuller,William
Watters,Ricky
Woodson,Rod
Brown,Tim
Bruce,Isaac
Sinclair,Michael
Young,Steve
Harvey,Ken
Brown,Ruben
Collins,Kerry
Aikman,Troy
Winters,Frank
Brunell,Mark
McCardell,Keenan
Anders,Kimble
Webb,Richmond
McGinest,Willie
Fryar,Irving
Thomas,William
McDaniel,Terry
Testaverde,Vinny
Turner,Eric
Frerotte,Gus
Green,Darrell
Smith,Bruce
Williams,Aeneas
Allen,Larry
Sanders,Deion
Davis,Terrell
Sharpe,Shannon
Moore,Herman
Sanders,Barry
Butler,LeRoy
Favre,Brett
Boselli,Tony
Randle,John
Armstead,Jessie
Strahan,Michael
Dawson,Dermontti
Kirkland,Levon
Lake,Carnell
Ogden,Jonathan
Stubblefield,Dana
Bates,Michael
Moore,Rob
Barker,Bryan
McDaniel,Randall
Brown,Tim
Turk,Matt
Jervey,Travis
Nickerson,Hardy
Metcalf,Eric
Alstott,Mike
Washington,Ted
Walls,Wesley
Hanson,Jason
Hasty,James
Steussie,Todd
Roaf,Willie
Slade,Chris
Bettis,Jerome
Thigpen,Yancey
Seau,Junior
Williams,Darryl
Hanks,Merton
Brooks,Derrick
Elway,John
Glover,Kevin
Porcher,Robert
Levens,Dorsey
Carter,Dale
Whigham,Larry
Glenn,Aaron
Matthews,Bruce
Steed,Joel
Sinclair,Michael
Smith,Neil
White,Reggie
Shields,Will
Lewis,Ray
Young,Steve
Sapp,Warren
Dishman,Cris
Chandler,Chris
Tuggle,Jessie
Brown,Ruben
Paup,Bryce
Williams,Erik
Woodson,Darren
Nalen,Tom
Chmura,Mark
Brunell,Mark
Hollis,Mike
Smith,Jimmy
Anders,Kimble
Rison,Andre
Thomas,Derrick
Carter,Cris
Armstrong,Bruce
Bledsoe,Drew
Coates,Ben
Bishop,Blaine
George,Eddie
Fryar,Irving
McGlockton,Chester
Wisniewski,Steve
Moon,Warren
Doleman,Chris
Gogan,Kevin
Norton,Ken
Woodall,Lee
Dilfer,Trent
Dunn,Warrick
Lynch,John
Mayberry,Tony
Green,Darrell
Harvey,Ken
Anderson,Jamal
Allen,Larry
Sanders,Deion
Davis,Terrell
Sharpe,Shannon
Butler,LeRoy
Freeman,Antonio
White,Reggie
Boselli,Tony
Anderson,Gary
McDaniel,Randall
Moss,Randy
Randle,John
Law,Ty
Hentrich,Craig
Matthews,Bruce
Dawson,Dermontti
Harrison,Rodney
Brown,Chad
Seau,Junior
Cunningham,Randall
Strahan,Michael
Lewis,Mo
Russell,Darrell
Lewis,Jermaine
Preston,Roell
McCrary,Michael
Thompson,Bennie
Lewis,Ray
Young,Steve
Woodson,Darren
Alstott,Mike
Buchanan,Ray
Tuggle,Jessie
Brown,Ruben
Moulds,Eric
Faulk,Marshall
Elam,Jason
Christy,Jeff
Steussie,Todd
Milloy,Lawyer
Ogden,Jonathan
Sinclair,Michael
Gogan,Kevin
Brooks,Derrick
Sapp,Warren
Turk,Matt
Robinson,Eugene
Washington,Ted
Bates,Michael
Chmura,Mark
Armstead,Jessie
Glenn,Aaron
Johnson,Keyshawn
Testaverde,Vinny
Hearst,Garrison
Gash,Sam
Smith,Bruce
McCaffrey,Ed
Sanders,Barry
Smith,Jimmy
Coates,Ben
Chandler,Chris
Whitfield,Bob
Flutie,Doug
Greene,Kevin
Walls,Wesley
Williams,Aeneas
Lett,Leon
Newton,Nate
Smith,Emmitt
Atwater,Steve
Elway,John
Jones,Tony
Nalen,Tom
Romanowski,Bill
Schlereth,Mark
Shields,Will
Bowens,Tim
Carter,Cris
McDaniel,Ed
Smith,Robert
Johnson,Joe
Roaf,Willie
Martin,Curtis
George,Eddie
Wycheck,Frank
Woodson,Charles
Boulware,Peter
Kennedy,Cortez
Springs,Shawn
Rice,Jerry
Tubbs,Winfred
Mayberry,Tony
Nickerson,Hardy
Harrison,Marvin
James,Edgerrin
Allen,Larry
Boselli,Tony
Hardy,Kevin
Gonzalez,Tony
Madison,Sam
Mare,Olindo
Kearse,Jevon
Carter,Kevin
Faulk,Marshall
Pace,Orlando
Warner,Kurt
Lewis,Ray
Brooks,Derrick
Lynch,John
Sapp,Warren
Berger,Mitch
Russell,Darrell
Milburn,Glyn
Carter,Cris
Milloy,Lawyer
Mawae,Kevin
Matthews,Bruce
Woodson,Charles
Sanders,Deion
Lake,Carnell
Bruce,Isaac
Bates,Michael
Pryce,Trevor
Christy,Jeff
Tupa,Tom
Nalen,Tom
Shields,Will
Thomas,Zach
Alstott,Mike
Brown,Ruben
Walls,Wesley
Manning,Peyton
Brackens,Tony
Smith,Jimmy
Armstead,Jessie
George,Eddie
Lyght,Todd
Boulware,Peter
Ogden,Jonathan
Nickerson,Hardy
Davis,Stephen
Johnson,Tre'
Mack,Tremain
Smith,Detron
Elliss,Luther
Hanson,Jason
Porcher,Robert
Roaf,Willie
Dawkins,Brian
Gash,Sam
Rice,Simeon
Searcy,Leon
Seau,Junior
Young,Bryant
Beuerlein,Steve
Muhammad,Muhsin
Dillon,Corey
Williams,Aeneas
Coakley,Dexter
Smith,Emmitt
Williams,Erik
Boyd,Stephen
Sloan,David
Brunell,Mark
Grunhard,Tim
Hasty,James
McDaniel,Randall
Moss,Randy
Glenn,Terry
Strahan,Michael
Johnson,Keyshawn
Lewis,Mo
Wycheck,Frank
Vincent,Troy
Brown,Tim
Gannon,Rich
McCrary,Michael
Woodson,Rod
Brown,Chad
Jones,Walter
Kennedy,Cortez
Schulters,Lance
Mayberry,Tony
Johnson,Brad
Allen,Larry
Sharper,Darren
Gonzalez,Tony
Madison,Sam
Taylor,Jason
Moss,Randy
Glover,La'Roi
Matthews,Bruce
Rolle,Samari
Douglas,Hugh
Gannon,Rich
Faulk,Marshall
Lewis,Ray
Ogden,Jonathan
Stover,Matt
Seau,Junior
Brooks,Derrick
Lynch,John
Sapp,Warren
Mason,Derrick
Harrison,Marvin
George,Eddie
Nalen,Tom
James,Edgerrin
Roaf,Willie
Pace,Orlando
Bates,Michael
Trotter,Jeremiah
Bennett,Darren
Owens,Terrell
Mawae,Kevin
Armstrong,Trace
Lewis,Mo
Lewis,Chad
Wisniewski,Steve
Adams,Sam
Woodson,Rod
Gramatica,Martin
Bailey,Champ
Player,Scott
Pryce,Trevor
Smith,Rod
Howard,Desmond
Izzo,Larry
Marion,Brock
Birk,Matt
Culpepper,Daunte
Smith,Robert
Johnson,Joe
Mitchell,Keith
Stone,Ron
Hopkins,Brad
Vincent,Troy
Brown,Ruben
Cowart,Sam
Manning,Peyton
Boyd,Stephen
Armstead,Jessie
Bishop,Blaine
Wycheck,Frank
Woodson,Charles
Moulds,Eric
Washington,Ted
Urlacher,Brian
Dillon,Corey
Griese,Brian
Elliss,Luther
Boselli,Tony
Smith,Jimmy
Grbac,Elvis
Shields,Will
Ruddy,Tim
Thomas,Zach
Carter,Cris
Griffith,Robert
Stringer,Korey
Fields,Mark
Horn,Joe
Anderson,Richie
Kearse,Jevon
McNair,Steve
McNabb,Donovan
Gildon,Jason
Kennedy,Lincoln
Bruce,Isaac
Holt,Torry
Warner,Kurt
Garcia,Jeff
Garner,Charlie
Abraham,Donnie
Alstott,Mike
Christy,Jeff
Dunn,Warrick
McDaniel,Randall
Alexander,Stephen
Coleman,Marco
Davis,Stephen
Sauerbrun,Todd
Smith,Steve
Urlacher,Brian
Boston,David
Allen,Larry
Gonzalez,Tony
Strahan,Michael
Abraham,John
Mawae,Kevin
Akers,David
Dawkins,Brian
Faneca,Alan
Faulk,Marshall
Pace,Orlando
Warner,Kurt
Williams,Aeneas
Owens,Terrell
Sapp,Warren
Martin,Curtis
Ogden,Jonathan
Miller,Jamir
Gildon,Jason
Lewis,Ray
Washington,Ted
Barber,Ronde
Lewis,Jermaine
Lynch,John
Whigham,Larry
Holmes,Priest
Brown,Troy
Woodson,Charles
Adams,Sam
Harrison,Rodney
Jones,Walter
Harrison,Marvin
Elam,Jason
Smith,Rod
Green,Ahman
Madison,Sam
Vincent,Troy
Lechler,Shane
Wiley,Marcellus
Brown,Ray
Young,Bryant
Brooks,Derrick
Arrington,LaVar
Walls,Wesley
Kreutz,Olin
Gold,Ian
O'Neal,Deltha
Porcher,Robert
Shields,Will
Milloy,Lawyer
Gannon,Rich
Randle,John
Samuels,Chris
Williams,James
Pryce,Trevor
Favre,Brett
Thomas,Zach
Knight,Sammy
Trotter,Jeremiah
Bell,Kendrell
Kennedy,Lincoln
Timmerman,Adam
Brooking,Keith
Brown,Ruben
Centers,Larry
Dillon,Corey
Dilger,Ken
Coakley,Dexter
Carswell,Dwayne
Wilson,Al
Franks,Bubba
Smith,Jimmy
Walker,Gary
Birk,Matt
Chamberlain,Byron
Glover,La'Roi
Horn,Joe
Brady,Tom
Law,Ty
Armstead,Jessie
Stone,Ron
Kearse,Jevon
Matthews,Bruce
Douglas,Hugh
Lewis,Chad
McNabb,Donovan
Thomas,Tra
Bettis,Jerome
Stewart,Kordell
Ward,Hines
Brown,Tim
Bruce,Isaac
Holt,Torry
Sharpe,Shannon
Woodson,Rod
McNeil,Ryan
Seau,Junior
Garcia,Jeff
Hearst,Garrison
Newberry,Jeremy
Alstott,Mike
Johnson,Keyshawn
Bailey,Champ
Sauerbrun,Todd
Urlacher,Brian
Harrison,Marvin
Holmes,Priest
Shields,Will
Surtain,Patrick
Taylor,Jason
Williams,Ricky
Faneca,Alan
Porter,Joey
Gannon,Rich
Ogden,Jonathan
Owens,Terrell
Brooks,Derrick
Rice,Simeon
Sapp,Warren
Lewis,Michael
Dawkins,Brian
Glover,La'Roi
Gonzalez,Tony
Mawae,Kevin
Vinatieri,Adam
Woodson,Rod
Akers,David
Taylor,Bobby
Thomas,Tra
Glenn,Aaron
Thomas,Zach
McAfee,Fred
Shockey,Jeremy
Vincent,Troy
Kennedy,Lincoln
Jones,Walter
Sharper,Darren
Jenkins,Kris
Robbins,Barret
Favre,Brett
Hanson,Chris
Douglas,Hugh
Mayberry,Jermane
Ward,Hines
Walker,Gary
Moss,Randy
McAllister,Deuce
Izzo,Larry
Seymour,Richard
Abraham,John
Newberry,Jeremy
Stone,Ron
Arrington,LaVar
Brooking,Keith
Brown,Ruben
Moulds,Eric
Hall,Dante
Roaf,Willie
Strahan,Michael
Rice,Jerry
Edwards,Donnie
Tomlinson,LaDainian
Peterson,Julian
Lynch,John
Vick,Michael
Bledsoe,Drew
Henry,Travis
Booker,Marty
Kreutz,Olin
Neal,Lorenzo
Manning,Peyton
Pryce,Trevor
Wilson,Al
Driver,Donald
Franks,Bubba
Green,Ahman
Rivera,Marco
Bowens,Tim
Madison,Sam
Marion,Brock
Bennett,Michael
Horn,Joe
Law,Ty
Milloy,Lawyer
Woody,Damien
Carter,Kevin
Lewis,Chad
McNabb,Donovan
Runyan,Jon
Gildon,Jason
Faulk,Marshall
Pace,Orlando
Boulware,Peter
Heap,Todd
Seau,Junior
Garcia,Jeff
Young,Bryant
Alstott,Mike
Johnson,Brad
Quarles,Shelton
Bailey,Champ
Samuels,Chris
Jenkins,Kris
Manning,Peyton
Vanderjagt,Mike
Williams,Roy
Gonzalez,Tony
Holmes,Priest
Shields,Will
Seymour,Richard
Strahan,Michael
Holt,Torry
Lewis,Jamal
Lewis,Ray
Ogden,Jonathan
Hutchinson,Steve
Peterson,Julian
Reed,Ed
Nalen,Tom
Moss,Randy
Law,Ty
Bulluck,Keith
Little,Leonard
Pace,Orlando
Hall,Dante
McAlister,Chris
Sauerbrun,Todd
Azumah,Jerry
Harrison,Marvin
Roaf,Willie
Surtain,Patrick
Birk,Matt
Bailey,Champ
Bannister,Alex
Brooks,Derrick
Rice,Simeon
Thomas,Zach
Johnson,Chad
Freeney,Dwight
Glover,La'Roi
Rivera,Marco
Stroud,Marcus
Faneca,Alan
Wilkins,Jeff
Arrington,LaVar
Crumpler,Alge
Spikes,Takeo
Bly,Dre'
Favre,Brett
Green,Ahman
Ogunleye,Adewale
McAllister,Deuce
Hentrich,Craig
Thomas,Adalius
Jones,Walter
Anderson,Willie
McNair,Steve
Ward,Hines
Heap,Todd
Beasley,Fred
Brooking,Keith
Brown,Ruben
Davis,Stephen
Rucker,Mike
Kreutz,Olin
Urlacher,Brian
Boldin,Anquan
Adams,Flozell
Allen,Larry
Coakley,Dexter
Portis,Clinton
Wilson,Al
Flanagan,Mike
Franks,Bubba
Gbaja-Biamila,Kabeer
Green,Trent
Richardson,Tony
Stills,Gary
Woods,Jerome
Marion,Brock
Chavous,Corey
Culpepper,Daunte
Bentley,LeCharles
McGinest,Willie
Shockey,Jeremy
Ellis,Shaun
Mawae,Kevin
Hopkins,Brad
Mason,Derrick
McNabb,Donovan
Simon,Corey
Vincent,Troy
Hampton,Casey
Bulger,Marc
Williams,Aeneas
Boulware,Peter
Alexander,Shaun
Hasselbeck,Matt
Owens,Terrell
McCardell,Keenan
Sapp,Warren
Coles,Laveranues
Spikes,Takeo
Peppers,Julius
Freeney,Dwight
Manning,Peyton
Bailey,Champ
Seymour,Richard
Vinatieri,Adam
Martin,Curtis
Dawkins,Brian
Owens,Terrell
Faneca,Alan
Farrior,James
Lechler,Shane
Reed,Ed
Gates,Antonio
Jones,Walter
Drummond,Eddie
Waters,Brian
McGee,Terrence
Muhammad,Muhsin
Roaf,Willie
Sheppard,Lito
Brooks,Derrick
Hartings,Jeff
Lewis,Ray
Harrison,Marvin
James,Edgerrin
Mawae,Kevin
McAlister,Chris
Alexander,Shaun
Williams,Kevin
Izzo,Larry
Anderson,Willie
Henderson,William
Pace,Orlando
Tomlinson,LaDainian
Barber,Ronde
Brooking,Keith
Berry,Bertrand
Shields,Will
Akers,David
Polamalu,Troy
Porter,Joey
Ogden,Jonathan
Hutchinson,Steve
Morgan,Dan
Kreutz,Olin
Johnson,Chad
Witten,Jason
Rivera,Marco
Stroud,Marcus
Taylor,Jason
Culpepper,Daunte
Berger,Mitch
Barber,Tiki
Lewis,Michael
Reese,Ike
Thomas,Tra
Kerney,Patrick
Rogers,Shaun
Gonzalez,Tony
Richardson,Tony
Bruschi,Tedy
Ward,Hines
Crumpler,Alge
Rossum,Allen
Vick,Michael
Adams,Sam
Clements,Nate
Fields,Mark
James,Tory
Johnson,Rudi
Glenn,Tarik
Adams,Flozell
Allen,Larry
Glover,La'Roi
Williams,Roy
Lynch,John
Bly,Dre'
Green,Ahman
Walker,Javon
Johnson,Andre
Henderson,John
Gammon,Kendall
Surtain,Patrick
Birk,Matt
Horn,Joe
Brady,Tom
Dillon,Corey
Abraham,John
McNabb,Donovan
Trotter,Jeremiah
Westbrook,Brian
Bettis,Jerome
Smith,Aaron
Smith,Marvel
Holt,Torry
Suggs,Terrell
Brees,Drew
Jennings,Brian
Washington,Marcus
Moorman,Brian
Smith,Steve
Urlacher,Brian
Johnson,Chad
Freeney,Dwight
Manning,Peyton
Rackers,Neil
Bailey,Champ
Mathis,Jerome
Faneca,Alan
Polamalu,Troy
Gates,Antonio
Alexander,Shaun
Hutchinson,Steve
Jones,Walter
Kreutz,Olin
Sharper,Darren
Briggs,Lance
Anderson,Willie
Wilson,Al
Seymour,Richard
Barber,Tiki
Umenyiora,Osi
Williams,Jamal
Coleman,Roderick
Vasher,Nathan
June,Cato
Roaf,Willie
Strahan,Michael
O'Neal,Deltha
Sanders,Bob
Saturday,Jeff
Tyree,David
Barber,Ronde
Brooks,Derrick
Tomlinson,LaDainian
Stroud,Marcus
Waters,Brian
Merriman,Shawne
Strong,Mack
Brown,Mike
Harris,Tommie
Graham,Shayne
Harrison,Marvin
Johnson,Larry
Shields,Will
Porter,Joey
Burgess,Derrick
Bidwell,Josh
Moss,Santana
Wahle,Mike
James,Edgerrin
Robinson,Koren
Pace,Orlando
Milligan,Hanik
Hasselbeck,Matt
Thomas,Zach
Brady,Tom
Neal,Lorenzo
Brooking,Keith
Crumpler,Alge
Dunn,Warrick
Hall,DeAngelo
Vick,Michael
Schneck,Mike
Delhomme,Jake
Peppers,Julius
Palmer,Carson
Glenn,Tarik
Fitzgerald,Larry
Allen,Larry
Glover,La'Roi
Williams,Roy
Witten,Jason
Lynch,John
Plummer,Jake
Smith,Rod
Rogers,Shaun
Gonzalez,Tony
Green,Trent
Chambers,Chris
Taylor,Jason
Bentley,LeCharles
Shockey,Jeremy
Law,Ty
Vilma,Jonathan
McNair,Steve
Vanden Bosch,Kyle
Bartrum,Mike
Dawkins,Brian
Trotter,Jeremiah
Hampton,Casey
Hartings,Jeff
Holt,Torry
Ogden,Jonathan
Tatupu,Lofa
Tobeck,Robbie
Samuels,Chris
Moorman,Brian
Peppers,Julius
Gould,Robbie
Hester,Devin
Kreutz,Olin
Urlacher,Brian
Johnson,Chad
Harrison,Marvin
Bailey,Champ
Mathis,Rashean
Johnson,Larry
Taylor,Jason
Williams,Kevin
Brees,Drew
Reed,Ed
Gates,Antonio
Merriman,Shawne
Tomlinson,LaDainian
Williams,Jamal
Wilson,Adrian
Hutchinson,Steve
Miller,Justin
Jones,Walter
Brown,Jammal
Andrews,Shawn
Faneca,Alan
Thomas,Adalius
Briggs,Lance
Ogden,Jonathan
Ayanbadejo,Brendon
Anderson,Willie
Thomas,Zach
Dawkins,Brian
Neal,Lorenzo
Schobel,Aaron
Manning,Peyton
Saturday,Jeff
McBriar,Mat
Ware,DeMarcus
Wilson,Al
Kampman,Aaron
Johnson,Andre
Henderson,John
Gonzalez,Tony
Shields,Will
Seymour,Richard
Holt,Torry
Jackson,Steven
Scott,Bart
Kaeding,Nate
Gore,Frank
Barber,Ronde
Crumpler,Alge
Hall,DeAngelo
Jenkins,Kris
Smith,Steve
Brown,Ruben
Harris,Tommie
Palmer,Carson
Glenn,Tarik
Wayne,Reggie
Boldin,Anquan
Adams,Flozell
Gurode,Andre
Romo,Tony
Williams,Roy
Witten,Jason
Lynch,John
Williams,Roy
Driver,Donald
Waters,Brian
Birk,Matt
Williams,Pat
Smith,Will
Light,Matt
Barber,Tiki
Pierce,Antonio
Shockey,Jeremy
Young,Vince
Sheppard,Lito
Hampton,Casey
Parker,Willie
Polamalu,Troy
Burgess,Derrick
Bulger,Marc
Lewis,Ray
McAlister,Chris
Suggs,Terrell
Binn,David
Hardwick,Nick
McNeill,Marcus
Osgood,Kassim
Rivers,Philip
Peterson,Julian
Strong,Mack
Tatupu,Lofa
Allen,Larry
Harris,Walt
Brooks,Derrick
Moore,Dave
Samuels,Chris
Taylor,Sean
Hester,Devin
Sanders,Bob
Ware,DeMarcus
Allen,Jared
Hutchinson,Steve
Williams,Kevin
Brady,Tom
Moss,Randy
Samuel,Asante
Haynesworth,Albert
Jones,Walter
Willis,Patrick
Peterson,Adrian
Mankins,Logan
Lechler,Shane
Owens,Terrell
Witten,Jason
Light,Matt
Bironas,Rob
Westbrook,Brian
Reed,Ed
Tomlinson,LaDainian
Peters,Jason
Cribbs,Josh
Edwards,Braylon
Bailey,Champ
Ryans,DeMeco
Taylor,Sean
Saturday,Jeff
Gurode,Andre
Vrabel,Mike
Faneca,Alan
Cromartie,Antonio
Gates,Antonio
Neal,Lorenzo
Kerney,Patrick
Tatupu,Lofa
Trufant,Marcus
Lee,Andy
Wayne,Reggie
Davis,Leonard
Favre,Brett
Harris,Al
Kampman,Aaron
Taylor,Fred
Gonzalez,Tony
Richardson,Tony
Sharper,Darren
Williams,Pat
Koppen,Dan
Wilfork,Vince
Harrison,James
Polamalu,Troy
Merriman,Shawne
Schobel,Aaron
Ayanbadejo,Brendon
Briggs,Lance
Harris,Tommie
Houshmandzadeh,T.J.
Johnson,Chad
Anderson,Derek
Pontbriand,Ryan
Thomas,Joe
Winslow,Kellen
Addai,Joseph
Bethea,Antoine
Manning,Peyton
Dockett,Darnell
Fitzgerald,Larry
Adams,Flozell
Barber,Marion
Ellis,Greg
Folk,Nick
Hamlin,Ken
Newman,Terence
Romo,Tony
Williams,Roy
Lynch,John
Clifton,Chad
Driver,Donald
Taylor,Jason
Birk,Matt
Umenyiora,Osi
Vanden Bosch,Kyle
Andrews,Shawn
Cole,Trent
Hampton,Casey
Parker,Willie
Roethlisberger,Ben
Holt,Torry
Lewis,Ray
McGahee,Willis
Ogden,Jonathan
Dielman,Kris
McNeill,Marcus
Osgood,Kassim
Williams,Jamal
Hasselbeck,Matt
Peterson,Julian
Garcia,Jeff
Albright,Ethan
Cooley,Chris
Samuels,Chris
Griffin,Michael
Turner,Michael
Gross,Jordan
Fitzgerald,Larry
Ware,DeMarcus
Johnson,Andre
Gonzalez,Tony
Hutchinson,Steve
Peterson,Adrian
Gostkowski,Stephen
Snee,Chris
Finnegan,Cortland
Haynesworth,Albert
Roos,Michael
Harrison,James
Polamalu,Troy
Asomugha,Nnamdi
Lechler,Shane
Reed,Ed
Manning,Peyton
Williams,Kevin
Tuck,Justin
Mawae,Kevin
Lewis,Ray
Peppers,Julius
Porter,Joey
Brees,Drew
O'Hara,Shaun
Jenkins,Kris
Beason,Jon
Williams,Mario
Allen,Jared
Washington,Leon
Ayanbadejo,Brendon
McClain,Le'Ron
Peters,Jason
Smith,Steve
Thomas,Joe
Wilson,Adrian
Witten,Jason
Collins,Nick
Woodson,Charles
Winfield,Antoine
Welker,Wes
Carney,John
Faneca,Alan
Farrior,James
Suggs,Terrell
Dielman,Kris
Jones,Walter
Willis,Patrick
Smith,Clifton
Portis,Clinton
White,Roddy
Lynch,Marshawn
Briggs,Lance
Pontbriand,Ryan
Rogers,Shaun
Freeney,Dwight
Mathis,Robert
Wayne,Reggie
Boldin,Anquan
Morey,Sean
Warner,Kurt
Adams,Flozell
Davis,Leonard
Gurode,Andre
Ratliff,Jay
Cutler,Jay
Marshall,Brandon
Wiegmann,Casey
Harris,Al
Daniels,Owen
Waters,Brian
Brown,Ronnie
Long,Jake
Williams,Pat
Brown,Jammal
DeOssie,Zak
Feagles,Jeff
Manning,Eli
Favre,Brett
Jones,Thomas
Mangold,Nick
Revis,Darrelle
Collins,Kerry
Hope,Chris
Johnson,Chris
Dawkins,Brian
Samuel,Asante
Gates,Antonio
Peterson,Julian
Barber,Ronde
Brooks,Derrick
Joseph,Davin
Cooley,Chris
Samuels,Chris
Sellers,Mike
Manning,Peyton
Brees,Drew
Rivers,Philip
Romo,Tony
Rodgers,Aaron
Schaub,Matt
Garrard,David
Favre,Brett
Brady,Tom
Young,Vince
McNabb,Donovan
Johnson,Chris
Peterson,Adrian
Jones-Drew,Maurice
Jackson,Steven
Rice,Ray
Williams,DeAngelo
Gore,Frank
Weaver,Leonard
McClain,Le'Ron
Johnson,Andre
Welker,Wes
Wayne,Reggie
Fitzgerald,Larry
Jackson,Vincent
Marshall,Brandon
Rice,Sidney
White,Roddy
Johnson,Chad
Austin,Miles
Smith,Steve
Clark,Dallas
Witten,Jason
Gates,Antonio
Miller,Heath
Davis,Vernon
Thomas,Joe
Clady,Ryan
Long,Jake
McKinnie,Bryant
Stinchcomb,Jon
Diehl,David
Ferguson,D'Brickashaw
Peters,Jason
Evans,Jahri
Hutchinson,Steve
Mankins,Logan
Snee,Chris
Dielman,Kris
Davis,Leonard
Faneca,Alan
Mangold,Nick
Kalil,Ryan
Saturday,Jeff
Gurode,Andre
Goodwin,Jonathan
O'Hara,Shaun
Mawae,Kevin
Freeney,Dwight
Allen,Jared
Cole,Trent
Peppers,Julius
Mathis,Robert
Williams,Mario
Ellis,Shaun
Vanden Bosch,Kyle
Williams,Kevin
Ngata,Haloti
Dockett,Darnell
Ratliff,Jay
Smith,Justin
Wilfork,Vince
Hampton,Casey
Ware,DeMarcus
Dumervil,Elvis
Woodley,LaMarr
Harrison,James
Briggs,Lance
Cushing,Brian
Matthews,Clay
Orakpo,Brian
Willis,Patrick
Lewis,Ray
Beason,Jon
Ryans,DeMeco
Vilma,Jonathan
Fletcher,London
Woodson,Charles
Revis,Darrelle
Samuel,Asante
Asomugha,Nnamdi
Rodgers-Cromartie,Dominique
Jenkins,Mike
Newman,Terence
Bailey,Champ
Winfield,Antoine
Wilson,Adrian
Dawkins,Brian
Bell,Yeremiah
Harper,Roman
Mikell,Quintin
Sharper,Darren
Reed,Ed
Collins,Nick
Byrd,Jairus
Bethea,Antoine
Rolle,Antrel
Meriweather,Brandon
Dorenbos,Jon
Condo,Jon
Kaeding,Nate
Akers,David
Carpenter,Dan
Lechler,Shane
Lee,Andy
Cribbs,Josh
Jackson,DeSean
Harvin,Percy
Knox,Johnny
Osgood,Kassim
Farwell,Heath
Brady,Tom
Ryan,Matt
Manning,Peyton
Cassel,Matt
Brees,Drew
Vick,Michael
Rivers,Philip
Foster,Arian
Charles,Jamaal
Jones-Drew,Maurice
Peterson,Adrian
Turner,Michael
Johnson,Chris
Jackson,Steven
Mughelli,Ovie
Leach,Vonta
White,Roddy
Wayne,Reggie
Johnson,Andre
Lloyd,Brandon
Johnson,Calvin
Bowe,Dwayne
Fitzgerald,Larry
Austin,Miles
Jennings,Greg
Welker,Wes
Jackson,DeSean
Witten,Jason
Lewis,Marcedes
Gates,Antonio
Gonzalez,Tony
Miller,Zach
Long,Jake
Thomas,Joe
Peters,Jason
Clabo,Tyson
Gross,Jordan
Clifton,Chad
Light,Matt
Ferguson,D'Brickashaw
Penn,Donald
Evans,Jahri
Snee,Chris
Nicks,Carl
Mankins,Logan
Waters,Brian
Dielman,Kris
Mangold,Nick
Pouncey,Maurkice
Kalil,Ryan
Mack,Alex
Saturday,Jeff
Gurode,Andre
O'Hara,Shaun
Peppers,Julius
Abraham,John
Tuck,Justin
Freeney,Dwight
Mathis,Robert
Starks,Randy
Babin,Jason
Ngata,Haloti
Suh,Ndamukong
Williams,Kyle
Smith,Justin
Wilfork,Vince
Dockett,Darnell
Ratliff,Jay
Seymour,Richard
Harrison,James
Matthews,Clay
Wake,Cameron
Ware,DeMarcus
Beason,Jon
Briggs,Lance
Suggs,Terrell
Phillips,Shaun
Orakpo,Brian
Mayo,Jerod
Willis,Patrick
Urlacher,Brian
Lewis,Ray
Henderson,E.J.
Fletcher,London
Revis,Darrelle
Samuel,Asante
McCourty,Devin
Asomugha,Nnamdi
Bailey,Champ
Woodson,Charles
Winfield,Antoine
Grimes,Brent
Hall,DeAngelo
Polamalu,Troy
Wilson,Adrian
Berry,Eric
Reed,Ed
Collins,Nick
Rolle,Antrel
Griffin,Michael
Harper,Roman
Meriweather,Brandon
Denney,John
DeOssie,Zak
Cundiff,Billy
Akers,David
Lechler,Shane
McBriar,Mat
Hester,Devin
Mariani,Marc
Weems,Eric
Owens,Montell
Williams,Kevin
Williams,Tramon
Vilma,Jonathan
Keisel,Brett
Rodgers,Aaron
Brees,Drew
Newton,Cam
Dalton,Andy
Brady,Tom
Manning,Eli
Roethlisberger,Ben
Rivers,Philip
Jones-Drew,Maurice
McCoy,LeSean
Foster,Arian
Rice,Ray
Forte,Matt
McGahee,Willis
Mathews,Ryan
Lynch,Marshawn
Gore,Frank
Leach,Vonta
Kuhn,John
Robinson,Michael
Johnson,Calvin
Welker,Wes
Fitzgerald,Larry
Smith,Steve
White,Roddy
Green,A.J.
Jennings,Greg
Marshall,Brandon
Wallace,Mike
Jackson,Vincent
Gronkowski,Rob
Graham,Jimmy
Gonzalez,Tony
Gresham,Jermaine
Gates,Antonio
Peters,Jason
Thomas,Joe
Staley,Joe
Clady,Ryan
Long,Jake
Bushrod,Jermon
Ferguson,D'Brickashaw
Nicks,Carl
Evans,Jahri
Yanda,Marshal
Mankins,Logan
Waters,Brian
Moore,Brandon
Grubbs,Ben
Joseph,Davin
Pouncey,Maurkice
Mangold,Nick
Myers,Chris
Kalil,Ryan
Wells,Scott
Allen,Jared
Pierre-Paul,Jason
Babin,Jason
Peppers,Julius
Freeney,Dwight
Dumervil,Elvis
Smith,Antonio
Carter,Andre
Ngata,Haloti
Smith,Justin
Atkins,Geno
Seymour,Richard
Ratliff,Jay
Wilfork,Vince
Raji,B.J.
Soliai,Paul
Ware,DeMarcus
Suggs,Terrell
Miller,Von
Hali,Tamba
Matthews,Clay
Briggs,Lance
Greenway,Chad
Harrison,James
Willis,Patrick
Johnson,Derrick
Lewis,Ray
Fletcher,London
Urlacher,Brian
Revis,Darrelle
Joseph,Johnathan
Woodson,Charles
Rogers,Carlos
Tillman,Charles
Bailey,Champ
Browner,Brandon
Polamalu,Troy
Wilson,Adrian
Dawkins,Brian
Weddle,Eric
Reed,Ed
Thomas,Earl
Clark,Ryan
Chancellor,Kam
Goldson,Dashon
Akers,David
Janikowski,Sebastian
Lee,Andy
Lechler,Shane
Peterson,Patrick
Brown,Antonio
Slater,Matt
Graham,Corey
Owens,Montell
Manning,Peyton
Brady,Tom
Rodgers,Aaron
Ryan,Matt
Luck,Andrew
Schaub,Matt
Brees,Drew
Manning,Eli
Wilson,Russell
Griffin,Robert
Peterson,Adrian
Lynch,Marshawn
Foster,Arian
Spiller,C.J.
Charles,Jamaal
Rice,Ray
Gore,Frank
Martin,Doug
Leach,Vonta
Felton,Jerome
Reece,Marcel
Johnson,Calvin
Marshall,Brandon
Johnson,Andre
Wayne,Reggie
Green,A.J.
Jackson,Vincent
Jones,Julio
Fitzgerald,Larry
Thomas,Demaryius
Welker,Wes
Cruz,Victor
Gronkowski,Rob
Witten,Jason
Gonzalez,Tony
Gresham,Jermaine
Daniels,Owen
Rudolph,Kyle
Miller,Heath
Clady,Ryan
Brown,Duane
Thomas,Joe
Staley,Joe
Whitworth,Andrew
Kalil,Matt
Bushrod,Jermon
Okung,Russell
Williams,Trent
Iupati,Mike
Yanda,Marshal
Evans,Jahri
Mankins,Logan
Beadles,Zane
Sitton,Josh
Smith,Wade
Incognito,Richie
Snee,Chris
Pouncey,Maurkice
Unger,Max
Saturday,Jeff
Myers,Chris
Watt,J.J.
Wake,Cameron
Peppers,Julius
Dumervil,Elvis
Allen,Jared
Pierre-Paul,Jason
Atkins,Geno
Wilfork,Vince
Smith,Justin
Suh,Ndamukong
Ngata,Haloti
McCoy,Gerald
Williams,Kyle
Melton,Henry
Starks,Randy
Miller,Von
Smith,Aldon
Ware,DeMarcus
Matthews,Clay
Greenway,Chad
Mathis,Robert
Spencer,Anthony
Hali,Tamba
Houston,Justin
Kerrigan,Ryan
Willis,Patrick
Johnson,Derrick
Mayo,Jerod
Bowman,NaVorro
Washington,Daryl
Fletcher,London
Tillman,Charles
Bailey,Champ
Jennings,Tim
Cromartie,Antonio
Peterson,Patrick
Joseph,Johnathan
Moore,William
Berry,Eric
Landry,LaRon
Whitner,Donte
Thomas,Earl
Byrd,Jairus
Goldson,Dashon
DeCoud,Thomas
Reed,Ed
Muhlbach,Don
Denney,John
Walsh,Blair
Dawson,Phil
Morstead,Thomas
Colquitt,Dustin
Jones,Jacoby
Cribbs,Josh
Washington,Leon
Slater,Matt
Alexander,Lorenzo
Manning,Peyton
Rivers,Philip
Newton,Cam
Luck,Andrew
Smith,Alex
Brees,Drew
Brady,Tom
Foles,Nick
Wilson,Russell
McCoy,LeSean
Charles,Jamaal
Lacy,Eddie
Peterson,Adrian
Forte,Matt
Murray,DeMarco
Lynch,Marshawn
Gore,Frank
Morris,Alfred
Tolbert,Mike
Reece,Marcel
Johnson,Calvin
Gordon,Josh
Brown,Antonio
Marshall,Brandon
Green,A.J.
Thomas,Demaryius
Johnson,Andre
Jeffery,Alshon
Fitzgerald,Larry
Bryant,Dez
Jackson,DeSean
Graham,Jimmy
Davis,Vernon
Gonzalez,Tony
Cameron,Jordan
Witten,Jason
Thomas,Julius
Thomas,Joe
Smith,Tyron
Staley,Joe
Peters,Jason
Williams,Trent
Gross,Jordan
Brown,Duane
Albert,Branden
Vasquez,Louis
Mathis,Evan
Mankins,Logan
Yanda,Marshal
Evans,Jahri
Long,Kyle
Grubbs,Ben
Iupati,Mike
Kalil,Ryan
Mack,Alex
Pouncey,Mike
Mangold,Nick
Unger,Max
Watt,J.J.
Quinn,Robert
Hardy,Greg
Williams,Mario
Wake,Cameron
Jordan,Cameron
McCoy,Gerald
Suh,Ndamukong
Dareus,Marcell
Williams,Kyle
Poe,Dontari
Smith,Justin
Hatcher,Jason
Ngata,Haloti
Mathis,Robert
Hali,Tamba
Houston,Justin
Brooks,Ahmad
Abraham,John
Suggs,Terrell
Orakpo,Brian
Kuechly,Luke
Bowman,NaVorro
Willis,Patrick
Burfict,Vontaze
Posluszny,Paul
Johnson,Derrick
Sherman,Richard
Peterson,Patrick
Haden,Joe
Grimes,Brent
Revis,Darrelle
Talib,Aqib
Verner,Alterraun
Jennings,Tim
Flowers,Brandon
Cromartie,Antonio
Berry,Eric
Ward,T.J.
Rolle,Antrel
Chancellor,Kam
Polamalu,Troy
Thomas,Earl
Byrd,Jairus
Weddle,Eric
Reid,Eric
Jansen,J.J.
Overton,Matt
Tucker,Justin
Prater,Matt
Gostkowski,Stephen
Hekker,Johnny
Fields,Brandon
Patterson,Cordarrelle
McCluster,Dexter
Bethel,Justin
Slater,Matt
Rodgers,Aaron
Romo,Tony
Roethlisberger,Ben
Ryan,Matt
Dalton,Andy
Luck,Andrew
Manning,Peyton
Stafford,Matthew
Brees,Drew
Brady,Tom
Bell,Le'Veon
Sproles,Darren
Murray,DeMarco
Lynch,Marshawn
Anderson,C.J.
Foster,Arian
Charles,Jamaal
Ingram,Mark
McCoy,LeSean
Forsett,Justin
Morris,Alfred
Kuhn,John
Reece,Marcel
Brown,Antonio
Bryant,Dez
Slater,Matt
Nelson,Jordy
Jones,Julio
Sanders,Emmanuel
Beckham,Odell
Thomas,Demaryius
Cobb,Randall
Hester,Devin
Green,A.J.
Hilton,T.Y.
Johnson,Calvin
Tate,Golden
Maclin,Jeremy
Gronkowski,Rob
Olsen,Greg
Bennett,Martellus
Witten,Jason
Thomas,Julius
Graham,Jimmy
Thomas,Joe
Clady,Ryan
Peters,Jason
Brown,Duane
Williams,Trent
Sitton,Josh
Long,Kyle
Martin,Zack
Evans,Jahri
Mathis,Evan
Iupati,Mike
Frederick,Travis
Mangold,Nick
Pouncey,Maurkice
Kelce,Jason
Yanda,Marshal
Pouncey,Mike
Smith,Tyron
Staley,Joe
Watt,J.J.
Williams,Mario
Quinn,Robert
Wake,Cameron
Campbell,Calais
Ware,DeMarcus
Suh,Ndamukong
Dareus,Marcell
McCoy,Gerald
Richardson,Sheldon
Donald,Aaron
Williams,Kyle
Atkins,Geno
Poe,Dontari
Miller,Von
Dumervil,Elvis
Barwin,Connor
Matthews,Clay
Hali,Tamba
Timmons,Lawrence
Jackson,D'Qwell
Kuechly,Luke
Mosley,C.J.
Houston,Justin
Wagner,Bobby
Revis,Darrelle
Davis,Vontae
Grimes,Brent
Haden,Joe
Cromartie,Antonio
Peterson,Patrick
Talib,Aqib
Shields,Sam
Chancellor,Kam
Adams,Mike
Ward,T.J.
Stuckey,Darrell
Bethea,Antoine
Weddle,Eric
Thomas,Earl
Quin,Glover
Whitner,Donte
Dorenbos,Jon
Ladouceur,L.P.
Sherman,Richard
Harris,Chris
Bethel,Justin
Gipson,Tashaun
Vinatieri,Adam
Gostkowski,Stephen
Parkey,Cody
McAfee,Pat
Huber,Kevin
Newton,Cam
Palmer,Carson
Brady,Tom
Bridgewater,Teddy
Carr,Derek
Manning,Eli
Rodgers,Aaron
Roethlisberger,Ben
Taylor,Tyrod
Wilson,Russell
Winston,Jameis
Martin,Doug
Peterson,Adrian
Freeman,Devonta
Gurley,Todd
Stewart,Jonathan
Ivory,Chris
McCoy,LeSean
Murray,Latavius
DiMarco,Patrick
Tolbert,Mike
Kuhn,John
Brown,Antonio
Jones,Julio
Fitzgerald,Larry
Landry,Jarvis
Hopkins,DeAndre
Beckham,Odell
Green,A.J.
Marshall,Brandon
Cooper,Amari
Hilton,T.Y.
Johnson,Calvin
Robinson,Allen
Slater,Matt
Thomas,Demaryius
Gronkowski,Rob
Olsen,Greg
Walker,Delanie
Barnidge,Gary
Eifert,Tyler
Kelce,Travis
Thomas,Joe
Smith,Tyron
Williams,Trent
Albert,Branden
Long,Kyle
Peters,Jason
Martin,Zack
Sitton,Josh
DeCastro,David
Incognito,Richie
Iupati,Mike
Turner,Trai
Kalil,Ryan
Frederick,Travis
Mack,Alex
Mangold,Nick
Pouncey,Mike
Wood,Eric
Yanda,Marshal
Mankins,Logan
Whitworth,Andrew
Staley,Joe
Mack,Khalil
Watt,J.J.
Ansah,Ezekiel
Jordan,Cameron
Bennett,Michael
Dunlap,Carlos
Griffen,Everson
Jones,Chandler
Donald,Aaron
Atkins,Geno
Cox,Fletcher
Short,Kawann
Wilkerson,Muhammad
Campbell,Calais
Casey,Jurrell
McCoy,Gerald
Barr,Anthony
Davis,Thomas
Hali,Tamba
Lee,Sean
Peppers,Julius
Ware,DeMarcus
Johnson,Derrick
Matthews,Clay
Kuechly,Luke
Miller,Von
Bowman,NaVorro
Houston,Justin
Collins,Jamie
Wagner,Bobby
David,Lavonte
Dumervil,Elvis
Sherman,Richard
Peters,Marcus
Davis,Vontae
Grimes,Brent
Jones,Adam
Revis,Darrelle
Rodgers-Cromartie,Dominique
Talib,Aqib
Trufant,Desmond
Verrett,Jason
Berry,Eric
Chancellor,Kam
Jones,Reshad
Thomas,Earl
Jenkins,Malcolm
Nelson,Reggie
Woodson,Charles
Cox,Morgan
Weeks,Jon
Smith,Harrison
Adams,Mike
Mathieu,Tyrann
Peterson,Patrick
Norman,Josh
Harris,Chris
Butler,Malcolm
Ward,T.J.
Gostkowski,Stephen
Bailey,Dan
Brown,Josh
Hekker,Johnny
Koch,Sam
Sproles,Darren
Bethel,Justin
Lockett,Tyler
Peerman,Cedric
Ryan,Matt
Brady,Tom
Dalton,Andy
Prescott,Dak
Rodgers,Aaron
Smith,Alex
Brees,Drew
Roethlisberger,Ben
Carr,Derek
Rivers,Philip
Cousins,Kirk
Johnson,David
Elliott,Ezekiel
Ajayi,Jay
Bell,Le'Veon
Freeman,Devonta
McCoy,LeSean
Howard,Jordan
Murray,DeMarco
Sproles,Darren
Gordon,Melvin
Juszczyk,Kyle
Tolbert,Mike
Jones,Julio
Hill,Tyreek
Brown,Antonio
Evans,Mike
Beckham,Odell
Hilton,T.Y.
Green,A.J.
Fitzgerald,Larry
Bryant,Dez
Sanders,Emmanuel
Thomas,Demaryius
Landry,Jarvis
Cooper,Amari
Baldwin,Doug
Kelce,Travis
Olsen,Greg
Walker,Delanie
Graham,Jimmy
Reed,Jordan
Smith,Tyron
Thomas,Joe
Bakhtiari,David
Whitworth,Andrew
Peters,Jason
Penn,Donald
Osemele,Kelechi
Martin,Zack
Yanda,Marshal
Incognito,Richie
Turner,Trai
Sitton,Josh
Lang,T.J.
Scherff,Brandon
Frederick,Travis
Mack,Alex
Kelce,Jason
Pouncey,Maurkice
Hudson,Rodney
Zuttah,Jeremy
DeCastro,David
Williams,Trent
Lewan,Taylor
Mack,Khalil
Clowney,Jadeveon
Beasley,Vic
Wake,Cameron
Dunlap,Carlos
Griffen,Everson
Williams,Leonard
Avril,Cliff
Bennett,Michael
Donald,Aaron
Atkins,Geno
Suh,Ndamukong
McCoy,Gerald
Williams,Kyle
Joseph,Linval
Casey,Jurrell
Cox,Fletcher
Miller,Von
Alexander,Lorenzo
Wright,K.J.
Davis,Thomas
Orakpo,Brian
Wagner,Bobby
Shazier,Ryan
Kuechly,Luke
Lee,Sean
Hightower,Dont'a
Brown,Zach
Mosley,C.J.
Barr,Anthony
Kerrigan,Ryan
Talib,Aqib
Peters,Marcus
Harris,Chris
Jenkins,Janoris
Hayward,Casey
Gilmore,Stephon
Peterson,Patrick
Rhodes,Xavier
Sherman,Richard
Collins,Landon
Berry,Eric
Stewart,Darian
McCourty,Devin
Smith,Harrison
Nelson,Reggie
McQuaide,Jake
Cox,Morgan
Weddle,Eric
Clinton-Dix,Ha Ha
Patterson,Cordarrelle
Tucker,Justin
Bryant,Matt
Prater,Matt
Hekker,Johnny
McAfee,Pat
Colquitt,Dustin
Slater,Matt
Alexander,D.J.
Harris,Dwayne
Brady,Tom
Wentz,Carson
Smith,Alex
Brees,Drew
Roethlisberger,Ben
Carr,Derek
Goff,Jared
Rivers,Philip
Wilson,Russell
Gurley,Todd
Bell,Le'Veon
Kamara,Alvin
McCoy,LeSean
Hunt,Kareem
Ingram,Mark
Develin,James
Nix,Roosevelt
Juszczyk,Kyle
Brown,Antonio
Hopkins,DeAndre
Jones,Julio
Thielen,Adam
Thomas,Michael
Allen,Keenan
Green,A.J.
Hilton,T.Y.
Fitzgerald,Larry
Adams,Davante
Landry,Jarvis
Baldwin,Doug
Gronkowski,Rob
Kelce,Travis
Doyle,Jack
Witten,Jason
Rudolph,Kyle
Walker,Delanie
Ertz,Zach
Graham,Jimmy
Johnson,Lane
Whitworth,Andrew
Lewan,Taylor
Williams,Trent
Staley,Joe
Brown,Duane
Smith,Tyron
Villanueva,Alejandro
Penn,Donald
Okung,Russell
Scherff,Brandon
DeCastro,David
Martin,Zack
Incognito,Richie
Turner,Trai
Lang,T.J.
Warford,Larry
Brooks,Brandon
Osemele,Kelechi
Mack,Alex
Frederick,Travis
Pouncey,Maurkice
Hudson,Rodney
Jordan,Cameron
Campbell,Calais
Griffen,Everson
Heyward,Cameron
Lawrence,Demarcus
Clowney,Jadeveon
Ngakoue,Yannick
Bosa,Joey
Ingram,Melvin
Bennett,Michael
Donald,Aaron
Cox,Fletcher
Daniels,Mike
Jackson,Malik
Joseph,Linval
Casey,Jurrell
McCoy,Gerald
Atkins,Geno
Davis,Thomas
Suggs,Terrell
Wagner,Bobby
Kuechly,Luke
Jones,Chandler
Miller,Von
Jones,Deion
Smith,Telvin
Mosley,C.J.
Schobert,Joe
Barr,Anthony
Shazier,Ryan
Mack,Khalil
Alexander,Kwon
Kerrigan,Ryan
Ramsey,Jalen
Rhodes,Xavier
Hayward,Casey
Slay,Darius
Bouye,A.J.
Peterson,Patrick
Talib,Aqib
Lattimore,Marshon
Smith,Harrison
Byard,Kevin
Hyde,Micah
Neal,Keanu
Jones,Reshad
Collins,Landon
Jenkins,Malcolm
Thomas,Earl
Weddle,Eric
Harris,Clark
McQuaide,Jake
Zuerlein,Greg
Gano,Graham
Boswell,Chris
Hekker,Johnny
Kern,Brett
Cooper,Pharoh
Hill,Tyreek
Baker,Budda
Slater,Matt
Trawick,Brynden
